MEAN,VAR,P,Poisson fit,Cluster_ID,TE,Age
0.4047207346524667,0.9375610481894964,-0.0,Overdispersed,Cluster_1,BARI_DM,Young
0.28839517706364715,-0.429252202916574,7.201536313436998,Underdispersed,Cluster_2,BLOOD_FULL,Old
0.1344460440439043,-0.5334471281703137,6.850838418047924,Underdispersed,Cluster_4,BLOOD_FULL,Old
0.7097312423209376,0.3561339135015668,3.9080422597840285,Underdispersed,Cluster_6,BLOOD_FULL,Old
0.3422739857984637,-0.1821778912312208,5.661542827503536,Underdispersed,Cluster_12,BLOOD_FULL,Old
0.8049655257595104,0.4203838603977346,4.249494102196951,Underdispersed,Cluster_13,BLOOD_FULL,Old
1.07679837990747,1.0655681242315682,0.39284814984728517,Dispersed,Cluster_16,BLOOD_FULL,Young
0.7567260874457745,0.7374842688464345,0.44254666300226764,Dispersed,Cluster_17,BLOOD_FULL,Young
0.03992251416889198,-0.5606162420685481,6.325964431458197,Underdispersed,Cluster_4,BS,Old
-0.12909165715599524,-0.5608264640279651,4.751096996878406,Underdispersed,Cluster_5,BS,Old
0.20778722038000205,-0.4016963193508658,6.399065022241928,Underdispersed,Cluster_8,BS,Old
0.05493989326560692,-0.4381333627120605,5.3654661440484945,Underdispersed,Cluster_11,BS,Old
0.22271629131651427,-0.36568304955640335,6.225073872379572,Underdispersed,Cluster_21,BS,Old
-0.011851383812281348,-0.6008995821525728,6.230515602969047,Underdispersed,Cluster_22,BS,Old
0.04239020072977308,-0.6844238796419383,7.26283252530135,Underdispersed,Cluster_23,BS,Old
-0.015180315907586114,-0.48188066602862206,5.106934384608195,Underdispersed,Cluster_24,BS,Old
0.06000445391733901,-0.35193867121174055,4.543435197491094,Underdispersed,Cluster_25,BS,Old
0.2454482420508821,-0.3140482673491345,5.977042836489787,Underdispersed,Cluster_30,BS,Old
0.19883245891971743,0.09870274821987415,1.0954536254111773,Dispersed,Cluster_33,BS,Young
0.2690918760586302,-0.18247563950713097,4.954714754130723,Underdispersed,Cluster_34,BS,Old
0.3613693311567318,0.09479084662367211,2.915541803728086,Dispersed,Cluster_35,BS,Young
0.2527615152568395,-0.31624095658282625,6.059835362885117,Underdispersed,Cluster_41,BS,Old
0.33810951969806574,-0.2711060912841671,6.396890640870349,Underdispersed,Cluster_43,BS,Old
0.21105441464795305,-0.476105097429364,6.990290423434357,Underdispersed,Cluster_45,BS,Old
0.2012041652337467,-0.5141643354186943,7.1861401152027575,Underdispersed,Cluster_46,BS,Old
0.15510763980889236,-0.39553880024819166,5.898891409470809,Underdispersed,Cluster_47,BS,Old
0.07990471079154995,-0.38480525120205594,5.087072182629687,Underdispersed,Cluster_49,BS,Old
0.16586615298465782,-0.41030738816244117,6.121502838444075,Underdispersed,Cluster_53,BS,Old
0.1025949252085703,-0.5558148279048458,6.780473198680086,Underdispersed,Cluster_56,BS,Old
-0.06868981009447582,-0.5016464322108023,4.763772954692336,Underdispersed,Cluster_63,BS,Old
0.09544007653721444,-0.6474315975631667,7.3677814658676,Underdispersed,Cluster_69,BS,Old
0.07300454199455335,-0.498311736872341,6.079807073848674,Underdispersed,Cluster_70,BS,Old
0.08094861374162846,-0.49000408410912866,6.076673490499082,Underdispersed,Cluster_81,BS,Old
0.4587889933946988,0.3718942249933585,0.9723521494688403,Dispersed,Cluster_89,BS,Young
0.02220485547004005,-0.5327394613868136,5.9369732016015755,Underdispersed,Cluster_91,BS,Old
0.2191839678587695,-0.32836688583835605,5.8713118944792315,Underdispersed,Cluster_93,BS,Old
0.10523991148589844,-0.5059326966677323,6.412751040194911,Underdispersed,Cluster_105,BS,Old
0.07196641350105681,-0.22698193117895732,3.2886100750957117,Underdispersed,Cluster_107,BS,Old
0.20072380324149883,-0.1433781015109769,3.8018007528055766,Underdispersed,Cluster_117,BS,Old
0.2010570656606403,-0.3660507777110655,6.043429184972039,Underdispersed,Cluster_121,BS,Old
0.07652175164217051,-0.562787662636531,6.635261195409955,Underdispersed,Cluster_125,BS,Old
0.03072884029326371,-0.43940240953924303,5.141057339494416,Underdispersed,Cluster_126,BS,Old
-0.08408582503280547,-0.2352696058423901,1.6129543976643557,Dispersed,Cluster_130,BS,Young
0.010203002489522656,-0.4274849525773713,4.812697567615285,Underdispersed,Cluster_136,BS,Old
0.2947287747704982,-0.3751336736776904,6.865306905963672,Underdispersed,Cluster_145,BS,Old
0.10678618420657628,-0.35228968303958014,5.030587091527081,Underdispersed,Cluster_156,BS,Old
0.3798624195462005,-0.3889174295335639,7.530722495242455,Underdispersed,Cluster_169,BS,Old
0.2979605332866766,-0.2503876263459541,5.878427397503708,Underdispersed,Cluster_176,BS,Old
0.41131594275454053,-0.180382420341779,6.252683973710061,Underdispersed,Cluster_182,BS,Old
0.2582351901476677,-0.3535853627373508,6.41799122742537,Underdispersed,Cluster_183,BS,Old
0.5387890874858744,-0.00739948100731232,5.8591349115058255,Underdispersed,Cluster_184,BS,Old
0.23081948249666684,-0.0966714548638968,3.614393711565939,Underdispersed,Cluster_185,BS,Old
0.7247727069041623,0.44692795455822126,3.0456355561659176,Underdispersed,Cluster_186,BS,Old
0.7036386201823847,0.33170533877489167,4.111133420074371,Underdispersed,Cluster_187,BS,Old
-0.37438228538052554,-0.7581757538031669,4.240915825928423,Underdispersed,Cluster_2,BURDOCK_FULL,Old
-0.15185530807075762,-0.6746421702923702,5.646152544444624,Underdispersed,Cluster_4,BURDOCK_FULL,Old
0.09369193858644133,-0.405401284838197,5.423250034423964,Underdispersed,Cluster_5,BURDOCK_FULL,Old
0.3151635245283085,-0.2667574882480174,6.170438177882786,Underdispersed,Cluster_7,BURDOCK_FULL,Old
0.4366954848810501,-0.23813553251082717,6.901593598714321,Underdispersed,Cluster_10,BURDOCK_FULL,Old
0.23334851181022737,-0.6244262593034866,8.033474244375377,Underdispersed,Cluster_24,BURDOCK_FULL,Old
0.22981519825087876,-0.35589076470397824,6.202426175500875,Underdispersed,Cluster_26,BURDOCK_FULL,Old
0.6819269161368356,0.16482449848901695,5.593337434227212,Underdispersed,Cluster_35,BURDOCK_FULL,Old
0.3255844626016541,-0.24434823959716773,6.067873174807218,Underdispersed,Cluster_40,BURDOCK_FULL,Old
0.7694599258383392,0.5950037390752414,1.8657522795580117,Dispersed,Cluster_43,BURDOCK_FULL,Young
0.24043090749246887,-0.23080803328593452,5.15204320958487,Underdispersed,Cluster_46,BURDOCK_FULL,Old
0.3723017271060374,-0.23525298912144346,6.3833906209924685,Underdispersed,Cluster_49,BURDOCK_FULL,Old
0.564362806550336,-0.22880694852390018,7.6770919076818025,Underdispersed,Cluster_51,BURDOCK_FULL,Old
0.5977244397498415,0.10950526994737586,5.318537552474617,Underdispersed,Cluster_53,BURDOCK_FULL,Old
0.5103003047661144,0.06833684249180165,4.856685979057244,Underdispersed,Cluster_55,BURDOCK_FULL,Old
0.5207190598916711,-0.028924533925494073,5.8899705666711615,Underdispersed,Cluster_61,BURDOCK_FULL,Old
0.47995246415882137,0.04043902995392271,4.831504951743917,Underdispersed,Cluster_62,BURDOCK_FULL,Old
0.6302627365912471,0.06914516583182977,5.991245862828538,Underdispersed,Cluster_67,BURDOCK_FULL,Old
0.2954631528000873,-0.16296245589792113,5.024043054059922,Underdispersed,Cluster_78,BURDOCK_FULL,Old
0.5906349454820744,-0.06482839830883513,6.758378068447003,Underdispersed,Cluster_83,BURDOCK_FULL,Old
0.49342560479255526,0.01098155208320151,5.262316647992939,Underdispersed,Cluster_89,BURDOCK_FULL,Old
0.6014519537608045,-0.022615073392874965,6.516001285960211,Underdispersed,Cluster_95,BURDOCK_FULL,Old
0.5035592268158342,1.2956589443756938,-0.0,Overdispersed,Cluster_104,BURDOCK_FULL,Young
0.7440360459068388,0.7260516686389175,0.43454405291441234,Dispersed,Cluster_108,BURDOCK_FULL,Young
0.5225202860545831,1.3753679615027392,-0.0,Overdispersed,Cluster_113,BURDOCK_FULL,Young
0.21514455299296234,0.3411659658733478,0.007980611556436479,Dispersed,Cluster_133,BURDOCK_FULL,Young
0.6102001885601491,1.0783007521707246,-0.0,Overdispersed,Cluster_141,BURDOCK_FULL,Young
0.6448776831740405,1.1620069399777593,-0.0,Overdispersed,Cluster_1,COPIA_FULL_DM,Young
0.293061047279717,0.871132623145672,-0.0,Overdispersed,Cluster_2,COPIA_FULL_DM,Young
0.9596181924230061,1.7630274991937982,-0.0,Overdispersed,Cluster_4,COPIA_FULL_DM,Young
0.9555862636409539,1.3298678236893389,-0.0,Overdispersed,Cluster_5,COPIA_FULL_DM,Young
1.05722548840481,1.7371874048102836,-0.0,Overdispersed,Cluster_7,COPIA_FULL_DM,Young
-0.0685038512772365,-0.6284126102286998,5.980658072741921,Underdispersed,Cluster_4,DIVER_FULL,Old
0.0940725754920265,0.10020246192582292,0.2959038427599862,Dispersed,Cluster_5,DIVER_FULL,Young
0.014303062724526805,-0.602343936917274,6.456851765041778,Underdispersed,Cluster_6,DIVER_FULL,Old
0.3647924251737429,-0.361342390791895,7.258325126026187,Underdispersed,Cluster_7,DIVER_FULL,Old
0.2548606023373616,-0.5340290279201065,7.651889328844017,Underdispersed,Cluster_8,DIVER_FULL,Old
0.478993454959552,-0.17807117364831562,6.770399864284562,Underdispersed,Cluster_9,DIVER_FULL,Old
0.8452061284057417,0.5103121067927343,3.698145813692665,Underdispersed,Cluster_10,DIVER_FULL,Old
0.87343392366481,0.3770602854014054,5.39720277984068,Underdispersed,Cluster_12,DIVER_FULL,Old
0.7957563522927968,0.19457266273600693,6.331270238444666,Underdispersed,Cluster_15,DIVER_FULL,Old
0.8832744182642454,0.9176294517065071,0.17072449050941083,Dispersed,Cluster_17,DIVER_FULL,Young
0.688223577300041,0.061766711059504535,6.534899357093502,Underdispersed,Cluster_18,DIVER_FULL,Old
0.3971116433829154,-0.32962720669711626,7.262333592605874,Underdispersed,Cluster_19,DIVER_FULL,Old
0.62462838595661,0.014300848613882092,6.405908354707734,Underdispersed,Cluster_21,DIVER_FULL,Old
0.5198194016595737,-0.07147026218852041,6.2492712776571615,Underdispersed,Cluster_24,DIVER_FULL,Old
0.7778720935408964,0.408490577785407,4.0830425512185355,Underdispersed,Cluster_25,DIVER_FULL,Old
0.6665749228045598,0.08828530855490128,6.139570283313063,Underdispersed,Cluster_31,DIVER_FULL,Old
0.11705280864728351,-0.04659374061429237,1.7473105844359231,Dispersed,Cluster_33,DIVER_FULL,Young
0.17462488450808722,0.08639452346595553,0.9845294543054585,Dispersed,Cluster_34,DIVER_FULL,Young
0.7531380135635739,0.2583699564739215,5.38178076140764,Underdispersed,Cluster_35,DIVER_FULL,Old
0.7536001774124725,0.16633454188940805,6.215552583683155,Underdispersed,Cluster_41,DIVER_FULL,Old
0.5343746159247937,-0.09584433379466072,6.564498189582063,Underdispersed,Cluster_43,DIVER_FULL,Old
0.5951407324503162,0.014342545334201887,6.160912428282347,Underdispersed,Cluster_44,DIVER_FULL,Old
0.6223092491958979,0.17926454117581558,4.867776570451034,Underdispersed,Cluster_46,DIVER_FULL,Old
0.7758373823415363,0.31649463385332305,5.033271435181407,Underdispersed,Cluster_47,DIVER_FULL,Old
0.40457462605075545,0.3833518839826971,0.4553046482419649,Dispersed,Cluster_51,DIVER_FULL,Young
0.8839435742391499,0.5302350808308839,3.9092819217192263,Underdispersed,Cluster_52,DIVER_FULL,Old
0.13458359317224206,0.8533508670871335,-0.0,Overdispersed,Cluster_53,DIVER_FULL,Young
0.4858122736129181,0.07442475563408864,4.537543599299708,Underdispersed,Cluster_58,DIVER_FULL,Old
0.058609865227535876,0.024920797067839198,0.5397463158095861,Dispersed,Cluster_62,DIVER_FULL,Young
0.7542077035956478,0.16391040807561275,6.240975706448918,Underdispersed,Cluster_63,DIVER_FULL,Old
0.5905923533419261,0.0027026177397583475,6.220796109302683,Underdispersed,Cluster_66,DIVER_FULL,Old
0.7180757060593448,0.042532953634655056,6.906766068596943,Underdispersed,Cluster_67,DIVER_FULL,Old
0.3021714470018535,-0.3025173981727801,6.360011297041813,Underdispersed,Cluster_68,DIVER_FULL,Old
0.2598835046616774,-0.14469088456836188,4.465030901869642,Underdispersed,Cluster_73,DIVER_FULL,Old
0.2089107942618596,-0.19497459926158126,4.457670636921115,Underdispersed,Cluster_74,DIVER_FULL,Old
0.8153660009805288,0.18731493830932752,6.547464428138955,Underdispersed,Cluster_84,DIVER_FULL,Old
0.4272269693466497,-0.11406559323072299,5.815169746707862,Underdispersed,Cluster_85,DIVER_FULL,Old
0.6732424794766575,0.1416537375096019,5.727101261822951,Underdispersed,Cluster_89,DIVER_FULL,Old
0.6871759506602144,0.26553445142048815,4.64573642290383,Underdispersed,Cluster_90,DIVER_FULL,Old
0.569491995061537,0.04772464243686668,5.636711050055045,Underdispersed,Cluster_93,DIVER_FULL,Old
0.6716655049297603,0.14535931071385666,5.678640344612624,Underdispersed,Cluster_95,DIVER_FULL,Old
0.781547024698089,0.17137294263999706,6.404664797029005,Underdispersed,Cluster_96,DIVER_FULL,Old
0.7264449800812255,0.1546892390817224,6.083592322122373,Underdispersed,Cluster_98,DIVER_FULL,Old
0.6193537710347683,0.24494703174740287,4.138306570346451,Underdispersed,Cluster_107,DIVER_FULL,Old
0.596425223848239,0.00022718020508886714,6.290111548224649,Underdispersed,Cluster_115,DIVER_FULL,Old
0.45126461964069975,-0.03487006767251211,5.2982935480677,Underdispersed,Cluster_116,DIVER_FULL,Old
0.32618524338154675,-0.24616984214137336,6.088750586967934,Underdispersed,Cluster_117,DIVER_FULL,Old
0.41929233506935004,-0.09101317465977009,5.529635785407363,Underdispersed,Cluster_118,DIVER_FULL,Old
0.7407912005365657,0.6508064439339177,1.000611103738404,Dispersed,Cluster_123,DIVER_FULL,Young
0.2726809227560056,0.08761253430825168,1.9835106393967539,Dispersed,Cluster_125,DIVER_FULL,Young
0.4597098927276828,0.2530571519492761,2.2266589683403684,Dispersed,Cluster_126,DIVER_FULL,Young
-0.4266581558285407,-0.7054565322192602,3.0566390827574437,Underdispersed,Cluster_1,DM176_FULL,Old
0.8861197712419885,0.5895795323663039,3.2609538688926385,Underdispersed,Cluster_2,DM176_FULL,Old
1.1027370853332017,0.8431406858392844,2.834873610596408,Underdispersed,Cluster_3,DM176_FULL,Old
1.1273310095003755,1.4415948779427552,2.9050364930014933e-12,Overdispersed,Cluster_6,DM176_FULL,Young
0.8213125943687116,0.4608478695343586,3.9844376404564916,Underdispersed,Cluster_7,DM176_FULL,Old
0.49069321509554403,0.1321719282024593,3.962857164484613,Underdispersed,Cluster_18,DM176_FULL,Old
0.35203639897041444,0.9547261825216004,-0.0,Overdispersed,Cluster_1,DM412_FULL,Young
0.09194719694951672,0.38711779290250936,1.2807141474073267e-10,Overdispersed,Cluster_3,DM412_FULL,Young
0.34026852285623926,0.7092974046965527,-0.0,Overdispersed,Cluster_6,DM412_FULL,Young
1.2697706633637724,1.5958490487785248,2.1668438173457766e-13,Overdispersed,Cluster_7,DM412_FULL,Young
0.6329799032442528,1.2417296578527466,-0.0,Overdispersed,Cluster_8,DM412_FULL,Young
0.5431359295738023,0.5672957888808703,0.21126464490808394,Dispersed,Cluster_10,DM412_FULL,Young
0.789579129518393,0.8808261301870319,0.034523411134995435,Dispersed,Cluster_16,DM412_FULL,Young
-0.037147780869023504,0.26834424176394556,1.7572167961382806e-11,Overdispersed,Cluster_3,DOC6_DM,Young
0.8923176244631026,1.3570528275727998,-0.0,Overdispersed,Cluster_3,DOC,Young
1.577766897586857,1.3091763219168744,2.9387854306530707,Underdispersed,Cluster_4,DOC,Old
1.5912815170531038,1.5090030792417048,0.9307064772843326,Dispersed,Cluster_5,DOC,Young
1.1266720498515865,1.5569692124819843,-0.0,Overdispersed,Cluster_6,DOC,Young
1.2252046512959331,2.3432549355124057,-0.0,Overdispersed,Cluster_10,DOC,Young
0.894095315210562,0.43670087960873794,5.013655106171138,Underdispersed,Cluster_1,FW,Old
1.0388232893261002,0.5224349809951121,5.586672838076041,Underdispersed,Cluster_3,FW,Old
1.4622556523129033,1.4366306017507129,0.48431244970469894,Dispersed,Cluster_6,FW,Young
1.3015013093453554,1.307017286256304,0.2990760150211537,Dispersed,Cluster_8,FW,Young
1.5039387795837817,2.1443850174604404,-0.0,Overdispersed,Cluster_11,FW,Young
0.5481108112510743,1.4808603119301667,-0.0,Overdispersed,Cluster_12,FW,Young
1.1722267413386385,1.9484965764949518,-0.0,Overdispersed,Cluster_13,FW,Young
1.3844159560873952,1.3093636105914268,0.8669448814204145,Dispersed,Cluster_25,FW,Young
0.5215013475899968,0.15851881485269317,4.012349245568777,Underdispersed,Cluster_27,FW,Old
0.2092683009555936,1.1969736284806882,-0.0,Overdispersed,Cluster_2,Heta-1_D,Young
0.06791749538005197,0.7157702298804579,-0.0,Overdispersed,Cluster_7,Heta-1_D,Young
-0.25807201261755625,-0.2464463248199248,0.2683542564468588,Dispersed,Cluster_9,Heta-1_D,Young
-0.5269697730955645,0.21182664560627507,-0.0,Overdispersed,Cluster_10,Heta-1_D,Young
-0.1299687185954141,0.2658413695586069,-0.0,Overdispersed,Cluster_11,Heta-1_D,Young
-0.3378036357470837,0.08334996635508504,-0.0,Overdispersed,Cluster_14,Heta-1_D,Young
0.009820858705387616,0.400001711109534,-0.0,Overdispersed,Cluster_26,Heta-1_D,Young
0.13239606392279946,0.5702457817895028,-0.0,Overdispersed,Cluster_37,Heta-1_D,Young
0.11805214988071214,0.5195963217413786,-0.0,Overdispersed,Cluster_38,Heta-1_D,Young
0.07498171901100156,0.5934746436701709,-0.0,Overdispersed,Cluster_43,Heta-1_D,Young
0.024148804579520355,0.42581961946021973,-0.0,Overdispersed,Cluster_47,Heta-1_D,Young
-0.3172029441710145,0.11797979414159941,-0.0,Overdispersed,Cluster_50,Heta-1_D,Young
-0.48180881121721686,-0.06372749286261147,-0.0,Overdispersed,Cluster_54,Heta-1_D,Young
-0.23500197448507235,0.07894529903316094,3.105761255165949e-12,Overdispersed,Cluster_59,Heta-1_D,Young
-0.003578287836310111,0.33677605429165214,7.0878068791667184e-15,Overdispersed,Cluster_60,Heta-1_D,Young
-0.7347205799683997,-0.24286268313613626,-0.0,Overdispersed,Cluster_61,Heta-1_D,Young
-0.4204550515795706,0.3328620968617856,-0.0,Overdispersed,Cluster_65,Heta-1_D,Young
-0.42698465989260836,-0.01698626266081702,-0.0,Overdispersed,Cluster_73,Heta-1_D,Young
-0.6765473616303814,-0.37896564151038714,8.152718522884016e-11,Overdispersed,Cluster_74,Heta-1_D,Young
0.3599916023635054,0.7473491888310874,-0.0,Overdispersed,Cluster_8,Heta-2,Young
0.44882970355612617,1.1159034422592413,-0.0,Overdispersed,Cluster_9,Heta-2,Young
-0.4034421110490139,0.059130065909570394,-0.0,Overdispersed,Cluster_12,Heta-2,Young
-0.11263849579143544,0.6475411370203012,-0.0,Overdispersed,Cluster_20,Heta-2,Young
-0.5916680417819364,-0.21214985448809107,-0.0,Overdispersed,Cluster_22,Heta-2,Young
-0.18717302652217727,0.7433411633730428,-0.0,Overdispersed,Cluster_26,Heta-2,Young
-0.48823451560314596,-0.09745329575728673,-0.0,Overdispersed,Cluster_28,Heta-2,Young
0.3895846440028164,1.0331214953390213,-0.0,Overdispersed,Cluster_37,Heta-2,Young
0.313485746572858,1.0427710856595702,-0.0,Overdispersed,Cluster_38,Heta-2,Young
-0.35811089088783327,0.4298921006738975,-0.0,Overdispersed,Cluster_39,Heta-2,Young
0.22845215307638683,0.6918516322138151,-0.0,Overdispersed,Cluster_50,Heta-2,Young
0.21114901853906234,1.2687434316632784,-0.0,Overdispersed,Cluster_53,Heta-2,Young
-0.006549607477750491,0.2090766135659446,1.0405299772967664e-05,Overdispersed,Cluster_63,Heta-2,Young
-0.0226582995118328,0.4177608343762584,-0.0,Overdispersed,Cluster_78,Heta-2,Young
0.060771016522370096,0.41280771971911845,3.375146132936506e-16,Overdispersed,Cluster_83,Heta-2,Young
-0.1662386913681724,0.17005073497805118,1.943119845104917e-14,Overdispersed,Cluster_2,Heta-3,Young
-0.2917432567007688,-0.15228815190310607,0.003956675311994346,Dispersed,Cluster_6,Heta-3,Young
-0.3593760419279079,0.14246428773500114,-0.0,Overdispersed,Cluster_7,Heta-3,Young
-0.07366457816682553,0.013760428516215346,0.03949208460533508,Dispersed,Cluster_8,Heta-3,Young
0.04672602186197725,0.40980645785327385,-0.0,Overdispersed,Cluster_9,Heta-3,Young
-0.18439191175482858,0.3123319950701039,-0.0,Overdispersed,Cluster_10,Heta-3,Young
-0.1998760509086162,0.33142161320247354,-0.0,Overdispersed,Cluster_11,Heta-3,Young
-0.4472187490379286,-0.42503979196366887,0.21975449074178238,Dispersed,Cluster_14,Heta-3,Young
0.20247432153840042,0.6283133701524011,-0.0,Overdispersed,Cluster_17,Heta-3,Young
0.041543550365397454,0.25790281212609595,9.635802168792349e-06,Overdispersed,Cluster_18,Heta-3,Young
-0.7454825281984275,-0.6463845991875439,0.025798855570814086,Dispersed,Cluster_19,Heta-3,Young
0.20048809598709008,0.5468614364757164,1.5429239464852621e-15,Overdispersed,Cluster_20,Heta-3,Young
0.012433618099465284,0.007443657880503354,0.35628531051370604,Dispersed,Cluster_22,Heta-3,Young
-0.12795449119913616,-0.10964740921030708,0.23692631269270423,Dispersed,Cluster_26,Heta-3,Young
-0.03821985921157564,0.11830222250624861,0.0014251739337323367,Dispersed,Cluster_29,Heta-3,Young
0.3266866885862383,1.083656118115409,-0.0,Overdispersed,Cluster_38,Heta-3,Young
-0.5432270890561332,-0.45007690182609644,0.03223072286113274,Dispersed,Cluster_40,Heta-3,Young
0.15947317166215602,0.15332276543021886,0.36294030631491375,Dispersed,Cluster_41,Heta-3,Young
0.15040693295545018,0.1758052095296536,0.2060585278205629,Dispersed,Cluster_43,Heta-3,Young
-0.6287138686876345,-0.667177043810466,0.5739310408204646,Dispersed,Cluster_44,Heta-3,Young
-0.4261405830527154,-0.5008414462305301,0.8638892137757571,Dispersed,Cluster_47,Heta-3,Young
0.03370495228203588,0.12069720381078756,0.04008625411283261,Dispersed,Cluster_53,Heta-3,Young
0.26662248402402183,0.45353117061243187,0.0001527492121740775,Overdispersed,Cluster_55,Heta-3,Young
0.4008538700201521,0.8910210538965845,-0.0,Overdispersed,Cluster_57,Heta-3,Young
-0.5348894185614446,-0.2642494030098245,8.484306413460644e-09,Overdispersed,Cluster_58,Heta-3,Young
-0.10152101765732453,0.5218381159409159,-0.0,Overdispersed,Cluster_59,Heta-3,Young
-0.4398162964882793,-0.3559099672751242,0.04451568672423805,Dispersed,Cluster_1,Heta-5,Young
-0.21104321095632145,-0.2873255122287903,0.8776715732531744,Dispersed,Cluster_6,Heta-5,Young
-0.591718379496605,-0.7323028322007821,1.5008150011361716,Dispersed,Cluster_8,Heta-5,Young
-0.2760256617068618,-0.1718980582731978,0.021167007967237347,Dispersed,Cluster_19,Heta-5,Young
-0.10973207470091272,-0.2428336288705206,1.4229675634368242,Dispersed,Cluster_20,Heta-5,Young
0.13929391176634714,0.4766481743858286,1.4995292104903873e-14,Overdispersed,Cluster_22,Heta-5,Young
-0.1927718332337054,-0.3046722556078977,1.2092036787327995,Dispersed,Cluster_24,Heta-5,Young
-0.45818293122136616,-0.5483116786909276,1.001935290391126,Dispersed,Cluster_25,Heta-5,Young
-0.9471686832017026,-1.1893382542083593,2.6336735211684217,Dispersed,Cluster_29,Heta-5,Young
-0.7859520155711243,-0.660508191400531,0.008209725146612076,Dispersed,Cluster_36,Heta-5,Young
-0.43180298377470416,-0.3697136094268977,0.08645171258741502,Dispersed,Cluster_39,Heta-5,Young
0.03805675264757789,0.2955195041621456,6.096138119158745e-08,Overdispersed,Cluster_42,Heta-5,Young
-0.056716183872123946,0.16880854410103735,3.5518103407136234e-06,Overdispersed,Cluster_44,Heta-5,Young
0.3347053201906069,0.5306982038858962,6.97184029632277e-05,Overdispersed,Cluster_46,Heta-5,Young
0.22683315269402088,0.4665561419148479,6.557980915661462e-07,Overdispersed,Cluster_47,Heta-5,Young
-0.4103921668508104,0.05149632062549275,-0.0,Overdispersed,Cluster_51,Heta-5,Young
-0.21255565245273456,-0.09567834067974455,0.012282387228743322,Dispersed,Cluster_54,Heta-5,Young
0.29183513604633876,0.8038690682047525,-0.0,Overdispersed,Cluster_55,Heta-5,Young
0.1402623183236503,0.16322850280963166,0.21635661077897592,Dispersed,Cluster_56,Heta-5,Young
-0.3542362184538974,-0.39368184350058366,0.5810892196727245,Dispersed,Cluster_58,Heta-5,Young
-0.2589682217692067,-0.39841718162591794,1.4889287056866793,Dispersed,Cluster_59,Heta-5,Young
-0.02405601330038204,0.2891614936355461,3.6209049878027046e-12,Overdispersed,Cluster_61,Heta-5,Young
0.21775301204939446,0.8974669186876156,-0.0,Overdispersed,Cluster_68,Heta-5,Young
0.37473296015870045,0.8682020699802018,-0.0,Overdispersed,Cluster_70,Heta-5,Young
-0.21581859895431443,0.405097747094046,-0.0,Overdispersed,Cluster_76,Heta-5,Young
0.06636533556932665,0.36312800255071115,9.512507040472692e-11,Overdispersed,Cluster_78,Heta-5,Young
0.25460585018817833,0.5493308736803963,1.3910713005498976e-10,Overdispersed,Cluster_89,Heta-5,Young
0.24785031764236068,0.7341166806384306,-0.0,Overdispersed,Cluster_91,Heta-5,Young
0.6792480236387809,1.4668848889313686,-0.0,Overdispersed,Cluster_93,Heta-5,Young
0.6271836113301604,1.153532118685709,-0.0,Overdispersed,Cluster_95,Heta-5,Young
0.050591531425468836,0.5873839104707406,-0.0,Overdispersed,Cluster_98,Heta-5,Young
0.4763685825883797,0.8093986304810263,4.271970676831272e-14,Overdispersed,Cluster_99,Heta-5,Young
-0.24634208068099586,-0.054150161032221,9.748226937574251e-05,Overdispersed,Cluster_103,Heta-5,Young
-0.8441674592016196,-0.7989208434802021,0.13318780943662067,Dispersed,Cluster_1,HETA,Young
-0.08028828405966212,0.7375178099928014,-0.0,Overdispersed,Cluster_3,HETA,Young
-0.053647452263864755,0.3173021050654913,-0.0,Overdispersed,Cluster_8,HETA,Young
-0.26568723926816606,-0.16119223301249883,0.020855746963611626,Dispersed,Cluster_10,HETA,Young
-0.10587786488240962,-0.09925870263908908,0.29338927514762086,Dispersed,Cluster_18,HETA,Young
0.05473803712790974,0.31186787718733744,6.392415924271437e-08,Overdispersed,Cluster_21,HETA,Young
-0.41205444691210324,-0.3007371390380666,0.015694669783731487,Dispersed,Cluster_22,HETA,Young
0.2611480716114594,0.6299015532606707,-0.0,Overdispersed,Cluster_23,HETA,Young
-0.10802077838046356,0.1373311821994542,3.1898030754084903e-07,Overdispersed,Cluster_24,HETA,Young
0.22700820711923858,0.6520078760336584,-0.0,Overdispersed,Cluster_30,HETA,Young
-0.24983535670913484,0.06759510837994548,1.4776389770021155e-12,Overdispersed,Cluster_33,HETA,Young
0.19530916988025226,0.5083694020375817,3.7423138158427926e-12,Overdispersed,Cluster_40,HETA,Young
0.007972368624974645,0.414722416373552,-0.0,Overdispersed,Cluster_45,HETA,Young
0.15598439828771946,0.35733366635585107,4.270889252723259e-05,Overdispersed,Cluster_47,HETA,Young
-0.06821596465590277,0.7993105511727397,-0.0,Overdispersed,Cluster_49,HETA,Young
0.08995991587966305,0.4872494302713295,-0.0,Overdispersed,Cluster_63,HETA,Young
-0.11730485493885119,0.09091107966912526,2.208581724511153e-05,Overdispersed,Cluster_64,HETA,Young
0.5070986071391831,0.915024258904408,-0.0,Overdispersed,Cluster_65,HETA,Young
0.4474371897278871,0.9838180520569855,-0.0,Overdispersed,Cluster_66,HETA,Young
0.10853977132569957,0.22634059914376353,0.01177795917401429,Dispersed,Cluster_67,HETA,Young
0.03290918438503387,0.3428827107058475,7.098993077836698e-12,Overdispersed,Cluster_69,HETA,Young
-0.396441771968147,-0.14988495131415744,2.7231195820344666e-07,Overdispersed,Cluster_71,HETA,Young
0.33505068329872967,0.4743910191699807,0.003981915104516835,Dispersed,Cluster_106,HETA,Young
-0.014813370279302183,0.09038486253850644,0.02026986913013368,Dispersed,Cluster_108,HETA,Young
0.1755316229067406,0.3022438289299759,0.007713471565910476,Dispersed,Cluster_111,HETA,Young
0.13936041748641384,0.5126043300464206,-0.0,Overdispersed,Cluster_114,HETA,Young
0.033704094647899044,0.2527737342610305,7.225474224402072e-06,Overdispersed,Cluster_116,HETA,Young
0.08175077374700537,0.3728809988575294,2.6853704115608927e-10,Overdispersed,Cluster_122,HETA,Young
0.38960686900965696,0.9529100746671227,-0.0,Overdispersed,Cluster_127,HETA,Young
-0.07030446061711586,0.12872520143225294,5.2942290431760275e-05,Overdispersed,Cluster_133,HETA,Young
-0.0686078168425152,0.22210418205382212,2.8959047950127554e-10,Overdispersed,Cluster_137,HETA,Young
0.2397006397699365,0.3734721810866313,0.005379529605371129,Dispersed,Cluster_139,HETA,Young
-0.4092073423579456,-0.3647946427668526,0.13585417793395616,Dispersed,Cluster_141,HETA,Young
-0.29661741003575387,-0.1941730050801573,0.022639156263111464,Dispersed,Cluster_144,HETA,Young
-0.05893524017632371,0.07806856345172698,0.004525886725458135,Dispersed,Cluster_153,HETA,Young
0.22071851433752693,0.9647537387068134,-0.0,Overdispersed,Cluster_172,HETA,Young
0.08449973466431271,0.28041298812675886,7.021714580151333e-05,Overdispersed,Cluster_173,HETA,Young
-0.13504958706841694,0.09893513690342118,1.3265047289302568e-06,Overdispersed,Cluster_175,HETA,Young
-0.5457567999614991,-0.4765070492028804,0.07051154210485039,Dispersed,Cluster_178,HETA,Young
-0.11465882864194381,0.09123368542531494,2.7718012829769126e-05,Overdispersed,Cluster_179,HETA,Young
0.2674280440531943,0.38207691050867076,0.013570772900531174,Dispersed,Cluster_188,HETA,Young
-0.10880291930003907,0.6592752422613228,-0.0,Overdispersed,Cluster_197,HETA,Young
0.01249883380266481,0.2426467797688138,2.0896667779084506e-06,Overdispersed,Cluster_205,HETA,Young
0.20067372401689268,0.4296746367441275,2.3877313572449875e-06,Overdispersed,Cluster_216,HETA,Young
-0.22953053732537507,-0.04446252896462443,0.00017782223544982831,Overdispersed,Cluster_217,HETA,Young
0.2984523942927883,0.610213336138504,4.9077517755573745e-12,Overdispersed,Cluster_221,HETA,Young
-0.29099375683125167,-0.18770897359500657,0.021894605444112918,Dispersed,Cluster_223,HETA,Young
0.34411882164304564,0.5448265836886124,4.5340815312401505e-05,Overdispersed,Cluster_225,HETA,Young
0.5062386811080305,1.067272900713619,-0.0,Overdispersed,Cluster_230,HETA,Young
0.1749837320859543,0.7105653011614633,-0.0,Overdispersed,Cluster_232,HETA,Young
0.3989945902669827,0.8588648048346927,-0.0,Overdispersed,Cluster_233,HETA,Young
0.2913728535072151,0.6881583154445999,-0.0,Overdispersed,Cluster_235,HETA,Young
0.2871206778543356,0.6647512502788717,-0.0,Overdispersed,Cluster_243,HETA,Young
0.5074091197019103,0.9539330559133595,-0.0,Overdispersed,Cluster_249,HETA,Young
0.3208021457210384,0.5055882481466277,0.00018197329310841803,Overdispersed,Cluster_251,HETA,Young
-0.06905156457842865,0.13365110363738464,3.760892980721502e-05,Overdispersed,Cluster_259,HETA,Young
0.2381742346230129,0.5359899068093679,7.800068789938042e-11,Overdispersed,Cluster_264,HETA,Young
0.08134542475438652,0.3002200614821384,7.378167510239653e-06,Overdispersed,Cluster_268,HETA,Young
0.15387132685648514,0.4693948273871787,2.223835570624229e-12,Overdispersed,Cluster_270,HETA,Young
-0.08693329126052779,0.08661911326594608,0.0004374552978297794,Dispersed,Cluster_273,HETA,Young
0.0570576966766351,0.1545367041434595,0.02744315960440616,Dispersed,Cluster_274,HETA,Young
-0.143748534204025,-0.07630520569500227,0.07432251290019015,Dispersed,Cluster_283,HETA,Young
0.33065324832910215,0.7251851679345229,-0.0,Overdispersed,Cluster_284,HETA,Young
0.48452074736388506,0.6950126962639334,1.7608427571100018e-05,Overdispersed,Cluster_290,HETA,Young
0.31124189134044594,0.5818264725876502,8.558339714959112e-09,Overdispersed,Cluster_291,HETA,Young
-0.11399687223534226,0.05996280034908125,0.0004243625749690869,Dispersed,Cluster_292,HETA,Young
0.582563208677288,0.908581902691058,2.1962558050756667e-13,Overdispersed,Cluster_301,HETA,Young
0.2688445882838699,0.4350333207742279,0.0007445336286486932,Dispersed,Cluster_303,HETA,Young
-0.035204227636798015,0.06245956814908222,0.02725155117000568,Dispersed,Cluster_304,HETA,Young
0.5177984139019868,0.7755102715834808,5.883023315620659e-08,Overdispersed,Cluster_308,HETA,Young
0.017998538867740773,0.4825986711735047,-0.0,Overdispersed,Cluster_316,HETA,Young
0.21202419093159922,0.6577991507447396,-0.0,Overdispersed,Cluster_317,HETA,Young
0.5501530094147142,1.0662949211462698,-0.0,Overdispersed,Cluster_320,HETA,Young
0.08548309888100089,0.422898424630838,1.4754210238265544e-14,Overdispersed,Cluster_324,HETA,Young
0.5582178245596263,0.31183855007801814,2.6822350266312625,Underdispersed,Cluster_5,HOBO,Old
0.2849791669468942,-0.1300139574838312,4.575717860321684,Underdispersed,Cluster_7,HOBO,Old
0.13103463265616522,0.2760826518317167,0.0028792716607049596,Dispersed,Cluster_9,HOBO,Young
0.03307808369242062,-0.13554411809526176,1.8016252577138068,Dispersed,Cluster_12,HOBO,Young
0.14610455197505715,-0.3957907067126449,5.820598846266019,Underdispersed,Cluster_17,HOBO,Old
0.292771404900405,-0.01754039408622192,3.4187958466760153,Underdispersed,Cluster_23,HOBO,Old
-0.11646147325970313,-0.46064903485442055,3.8027621753073912,Underdispersed,Cluster_25,HOBO,Old
0.23826676482067297,-0.09780549476237436,3.7114422752170726,Underdispersed,Cluster_29,HOBO,Old
0.12958221151625018,0.036685798757158,1.0275127739656453,Dispersed,Cluster_36,HOBO,Young
-0.12327020859118017,-0.4181637809342559,3.242030429794737,Underdispersed,Cluster_38,HOBO,Old
0.05797383485110279,-0.2503337344792647,3.395875831128469,Underdispersed,Cluster_40,HOBO,Old
0.10465299391470054,0.41934029454235117,2.6561435738824964e-12,Overdispersed,Cluster_44,HOBO,Young
0.0635640612495734,0.3639483027830301,4.777948477157065e-11,Overdispersed,Cluster_45,HOBO,Young
0.4845566349796462,-0.4168036093429554,8.24976648094827,Underdispersed,Cluster_3,I_DM,Old
0.7203641888318164,0.1557155914229535,6.02206314758337,Underdispersed,Cluster_7,I_DM,Old
0.9575393034063919,0.4127138963640194,5.846925654524871,Underdispersed,Cluster_8,I_DM,Old
0.8966240145292134,0.42136361627416713,5.1917996237840445,Underdispersed,Cluster_15,I_DM,Old
1.0904132649187774,0.5564354549658774,5.748898160965446,Underdispersed,Cluster_22,I_DM,Old
1.2065711038443083,0.7217134810396103,5.285863916112438,Underdispersed,Cluster_23,I_DM,Old
0.9070883118204627,0.4337654683831439,5.1726698454236315,Underdispersed,Cluster_26,I_DM,Old
1.0214744417373387,0.3506539353819076,6.872328113590231,Underdispersed,Cluster_31,I_DM,Old
0.8943295865312842,0.26058216902693637,6.592092002096782,Underdispersed,Cluster_33,I_DM,Old
0.04608667658691077,0.5268419632598089,-0.0,Overdispersed,Cluster_35,I_DM,Young
0.8098827338743069,0.2600234683287418,5.891890197682396,Underdispersed,Cluster_36,I_DM,Old
0.8777704661379957,0.26228482003419845,6.447528861895003,Underdispersed,Cluster_37,I_DM,Old
0.7549789028444687,0.28445686859153496,5.144934795267829,Underdispersed,Cluster_38,I_DM,Old
0.8597683174203274,0.3436364942183881,5.584277514035958,Underdispersed,Cluster_41,I_DM,Old
0.9922364886014857,0.42792414887756663,6.019135522917301,Underdispersed,Cluster_42,I_DM,Old
0.723859720105444,0.39506322926929494,3.629188987708999,Underdispersed,Cluster_43,I_DM,Old
0.8987603951101378,0.4721577323197273,4.6976673951823855,Underdispersed,Cluster_45,I_DM,Old
1.0485404381777077,0.5300025266574998,5.60671449311193,Underdispersed,Cluster_51,I_DM,Old
0.9716365324120477,0.3980926684030366,6.098967792667799,Underdispersed,Cluster_57,I_DM,Old
0.8672762512014112,0.15714877955218043,7.150491866438621,Underdispersed,Cluster_58,I_DM,Old
0.8343869918515042,0.11843843322193519,7.190064989980217,Underdispersed,Cluster_63,I_DM,Old
0.8865684577271887,0.36864023032044024,5.601036247412828,Underdispersed,Cluster_65,I_DM,Old
0.5953489986059105,0.00044906769138811195,6.279341419062922,Underdispersed,Cluster_66,I_DM,Old
0.8651094794414775,0.19821557869644055,6.843477869214528,Underdispersed,Cluster_70,I_DM,Old
0.8032533814929592,0.21787650819055776,6.199652416884938,Underdispersed,Cluster_72,I_DM,Old
0.7259427496995764,0.14512608032285584,6.161069361423547,Underdispersed,Cluster_73,I_DM,Old
0.6039389689599198,-0.1338066383288629,7.334611755298945,Underdispersed,Cluster_77,I_DM,Old
0.9951535489797928,0.5574634130708055,4.812720059243871,Underdispersed,Cluster_89,I_DM,Old
1.0762246094823873,0.5763435565565479,5.430777933157931,Underdispersed,Cluster_92,I_DM,Old
0.9626949494786184,0.5042703266574619,5.024033128558249,Underdispersed,Cluster_94,I_DM,Old
0.8815777021331004,0.30175794755882696,6.152598109861426,Underdispersed,Cluster_99,I_DM,Old
0.7662690116329387,0.16583253879949755,6.325122453211236,Underdispersed,Cluster_102,I_DM,Old
1.0092632344509886,0.3494118793228025,6.7912433983268246,Underdispersed,Cluster_103,I_DM,Old
0.9619426024630201,0.3755496897066689,6.208211586321255,Underdispersed,Cluster_105,I_DM,Old
0.9650867916113351,0.32535747693265343,6.638503992434048,Underdispersed,Cluster_107,I_DM,Old
0.6909486912905016,-0.007208605453799801,7.067812767304046,Underdispersed,Cluster_108,I_DM,Old
0.8950763614297175,0.2751434599637204,6.483134287047988,Underdispersed,Cluster_109,I_DM,Old
0.7940750419040142,0.16448725700815794,6.5595452313075056,Underdispersed,Cluster_110,I_DM,Old
0.9531312972334949,0.27113708048887214,6.953360871511918,Underdispersed,Cluster_116,I_DM,Old
1.03570519965633,0.3426940002733471,7.031725321810548,Underdispersed,Cluster_121,I_DM,Old
0.7500110285006693,0.07536636090824095,6.900238264164059,Underdispersed,Cluster_123,I_DM,Old
0.9768887284813643,0.29451876208187033,6.956058571350381,Underdispersed,Cluster_128,I_DM,Old
1.057860300592565,0.43871314453543747,6.476862269949964,Underdispersed,Cluster_130,I_DM,Old
0.873075415925686,0.1663017922129745,7.127503867187861,Underdispersed,Cluster_134,I_DM,Old
0.8230225015685763,0.17465789471537468,6.704688272332467,Underdispersed,Cluster_135,I_DM,Old
0.6795262102341473,0.03496568143138815,6.675650688763567,Underdispersed,Cluster_136,I_DM,Old
1.0871437307923364,0.647193668210284,4.835997674278338,Underdispersed,Cluster_138,I_DM,Old
0.8554270277271261,0.26011220091469756,6.282786121470113,Underdispersed,Cluster_139,I_DM,Old
0.8432949966802207,0.22562684287437898,6.465034640186174,Underdispersed,Cluster_141,I_DM,Old
0.9456521891668155,0.28306101787840543,6.811639545891145,Underdispersed,Cluster_144,I_DM,Old
0.8033076668412008,0.10496488768589111,7.069107361021755,Underdispersed,Cluster_146,I_DM,Old
0.8288719492119228,0.38479513860996145,4.878350308961401,Underdispersed,Cluster_154,I_DM,Old
0.9640242493536411,0.4332986843882987,5.719207606279527,Underdispersed,Cluster_161,I_DM,Old
0.9534667435065487,0.1926539643412633,7.481445240899354,Underdispersed,Cluster_162,I_DM,Old
0.9282466825680428,0.3357898570868219,6.2590114120364335,Underdispersed,Cluster_171,I_DM,Old
1.1822160363192191,0.6094746512829515,6.092072764863905,Underdispersed,Cluster_182,I_DM,Old
1.117732610923945,0.5831995437974141,5.753953398254835,Underdispersed,Cluster_185,I_DM,Old
0.9485609723932892,0.48587892017261836,5.066785723695688,Underdispersed,Cluster_187,I_DM,Old
0.8622937406608607,0.4421317637123644,4.630196567519872,Underdispersed,Cluster_192,I_DM,Old
1.0689616456803706,0.7608957086394802,3.393111295310614,Underdispersed,Cluster_193,I_DM,Old
0.5208115804214636,-0.04527432403888943,6.034560227652256,Underdispersed,Cluster_195,I_DM,Old
0.48999363743433316,-0.1336370833660558,6.512543090067153,Underdispersed,Cluster_196,I_DM,Old
0.37912751347480117,1.0170689759504838,-0.0,Overdispersed,Cluster_1,Jockey,Young
0.5221053221973082,0.7480846888940929,3.3740447900843508e-06,Overdispersed,Cluster_3,Jockey,Young
0.9493342104174417,0.7479960121893215,2.1664038064723963,Underdispersed,Cluster_6,Jockey,Old
1.1886461158872972,1.3974291577984708,2.0881458000756236e-05,Overdispersed,Cluster_7,Jockey,Young
0.8354830938172291,1.2961201486507634,-0.0,Overdispersed,Cluster_8,Jockey,Young
0.5116372311575101,0.7497763594009366,7.98955134888246e-07,Overdispersed,Cluster_9,Jockey,Young
0.47660836672676843,0.8528090441538425,-0.0,Overdispersed,Cluster_12,Jockey,Young
-0.9212093211679975,-1.1104077714309273,2.029689160962255,Dispersed,Cluster_1,M4DM,Young
0.18944444740742414,-0.1067107762545692,3.256530144549776,Underdispersed,Cluster_2,M4DM,Old
-0.6056878659004334,-0.9135530356715157,3.390814094625423,Underdispersed,Cluster_3,M4DM,Old
0.6642969760480192,0.56387048087481,1.0982741433157026,Dispersed,Cluster_4,M4DM,Young
1.0417899640355892,1.1709240503040697,0.006833999239219364,Dispersed,Cluster_5,M4DM,Young
0.9066205752456802,0.8383131178202463,0.8090719296295193,Dispersed,Cluster_18,M4DM,Young
0.38291275699397714,0.06339481054008984,3.5238174988358053,Underdispersed,Cluster_25,M4DM,Old
0.4887528780667589,0.19445620983111161,3.235168499433889,Underdispersed,Cluster_26,M4DM,Old
0.6098893371909507,0.2680970883448916,3.7758567858844563,Underdispersed,Cluster_27,M4DM,Old
0.5548919530753769,0.1490368570540694,4.478698982053532,Underdispersed,Cluster_28,M4DM,Old
0.0162639709757947,-0.5725492876230065,6.2285458898123185,Underdispersed,Cluster_30,M4DM,Old
-0.06291421296445464,-0.7379011510726742,6.902727284376348,Underdispersed,Cluster_1,MDG1_FULL,Old
0.06006313625721858,-0.817656395854741,8.134763273264042,Underdispersed,Cluster_2,MDG1_FULL,Old
0.28883015109213794,-0.5023029250068514,7.6651247876227915,Underdispersed,Cluster_3,MDG1_FULL,Old
0.5869975406420981,0.0388795760907486,5.876373896264275,Underdispersed,Cluster_4,MDG1_FULL,Old
0.6370545504083068,0.2926926859256241,3.8047184054452323,Underdispersed,Cluster_5,MDG1_FULL,Old
0.48876990800179504,0.1485561773812401,3.7581035148602777,Underdispersed,Cluster_6,MDG1_FULL,Old
0.4397119788848072,-0.000784069314557488,4.841612515610747,Underdispersed,Cluster_7,MDG1_FULL,Old
0.4649055493638034,0.23717064342422364,2.4675437882680016,Dispersed,Cluster_8,MDG1_FULL,Young
0.47386403407153754,0.1056723422677491,4.0699247912767325,Underdispersed,Cluster_11,MDG1_FULL,Old
0.24804431385901426,-0.11784352090267083,4.044489688303679,Underdispersed,Cluster_13,MDG1_FULL,Old
0.6120925447518869,0.41188752902955694,2.153585662712331,Dispersed,Cluster_15,MDG1_FULL,Young
0.7836295028720616,0.6542287078697661,1.3849032401150634,Dispersed,Cluster_18,MDG1_FULL,Young
0.7162979486738373,0.3983209309176815,3.5062700392277684,Underdispersed,Cluster_19,MDG1_FULL,Old
0.66778361350278,0.25141905578862556,4.590200946795626,Underdispersed,Cluster_20,MDG1_FULL,Old
0.806107811251955,1.1559195945531622,6.268128532596371e-16,Overdispersed,Cluster_21,MDG1_FULL,Young
0.42812541215787986,-0.2531336254893707,6.948077525317515,Underdispersed,Cluster_22,MDG1_FULL,Old
0.901098295654058,0.5798141004447301,3.543914573980841,Underdispersed,Cluster_27,MDG1_FULL,Old
0.9327784527472439,0.6211939246931477,3.4333405711589124,Underdispersed,Cluster_29,MDG1_FULL,Old
0.5861041930324966,0.3694525077108659,2.3405796964325063,Dispersed,Cluster_32,MDG1_FULL,Young
0.8332051923302052,0.3847845306899796,4.922714935981872,Underdispersed,Cluster_33,MDG1_FULL,Old
0.871775118102626,0.4257411886242859,4.898366320242331,Underdispersed,Cluster_36,MDG1_FULL,Old
0.6046153908857109,0.213322368203507,4.322292940972418,Underdispersed,Cluster_40,MDG1_FULL,Old
0.6516868605874901,0.18558628038389083,5.100954354412507,Underdispersed,Cluster_41,MDG1_FULL,Old
0.5412526544423288,-0.03014940105376196,6.080546099580459,Underdispersed,Cluster_42,MDG1_FULL,Old
0.8965016824844175,0.5094280366671209,4.276576060063946,Underdispersed,Cluster_43,MDG1_FULL,Old
0.5278200721473519,0.3995840420276342,1.3729852554594386,Dispersed,Cluster_44,MDG1_FULL,Young
0.721940833192154,0.35186185258454233,4.090726270314058,Underdispersed,Cluster_45,MDG1_FULL,Old
0.7053083135516216,0.31579714598533,4.303007869155555,Underdispersed,Cluster_47,MDG1_FULL,Old
0.7300683358099523,0.3686136088901945,3.99541883289149,Underdispersed,Cluster_48,MDG1_FULL,Old
0.6219619017397473,0.03838795221479868,6.184430987449859,Underdispersed,Cluster_54,MDG1_FULL,Old
0.6673851770777569,0.25130884931141795,4.587158778493626,Underdispersed,Cluster_55,MDG1_FULL,Old
1.0472130522995737,0.7519976171829612,3.2457300136242773,Underdispersed,Cluster_56,MDG1_FULL,Old
0.6599238960844654,0.32005748628696207,3.7541948974849046,Underdispersed,Cluster_59,MDG1_FULL,Old
0.917847526578658,0.6440911168549622,2.9984445852948367,Dispersed,Cluster_65,MDG1_FULL,Young
0.7116164741494221,0.31921393537740533,4.334285406608996,Underdispersed,Cluster_66,MDG1_FULL,Old
0.6413671208614522,0.2361830340047185,4.4715399183290625,Underdispersed,Cluster_67,MDG1_FULL,Old
0.858708569872961,0.5311932942268197,3.614669623474552,Underdispersed,Cluster_71,MDG1_FULL,Old
0.9941600984593023,0.8018105787098825,2.0650410911245545,Dispersed,Cluster_72,MDG1_FULL,Young
0.8790008442562908,0.6051470287366442,2.999569209881177,Dispersed,Cluster_73,MDG1_FULL,Young
0.9857891536260184,0.5563623259905982,4.727106040078043,Underdispersed,Cluster_77,MDG1_FULL,Old
0.4854078473438954,-0.08341422302290685,6.058275251257188,Underdispersed,Cluster_79,MDG1_FULL,Old
0.972358074145464,0.6139473483500506,3.961628526409062,Underdispersed,Cluster_84,MDG1_FULL,Old
0.6419085159295087,0.38129561564307635,2.8466180269807526,Dispersed,Cluster_86,MDG1_FULL,Young
0.5528707398629301,0.1664028719791995,4.269998198962911,Underdispersed,Cluster_87,MDG1_FULL,Old
0.3681103438059347,-0.3042795095065422,6.883804131543759,Underdispersed,Cluster_89,MDG1_FULL,Old
-0.5947914931723823,-0.6477749194287575,0.6838782642436522,Dispersed,Cluster_91,MDG1_FULL,Young
0.7333969768770687,1.390609418391689,-0.0,Overdispersed,Cluster_92,MDG1_FULL,Young
0.614627535725579,1.0656992550008249,-0.0,Overdispersed,Cluster_95,MDG1_FULL,Young
0.5482055335237542,0.6931253939130061,0.002900835711266982,Dispersed,Cluster_98,MDG1_FULL,Young
0.1928054031783661,0.7021714053891629,-0.0,Overdispersed,Cluster_100,MDG1_FULL,Young
0.7916126257477399,1.6364798408236612,-0.0,Overdispersed,Cluster_101,MDG1_FULL,Young
0.7448145847434665,0.8491444077902992,0.020995247688251593,Dispersed,Cluster_102,MDG1_FULL,Young
0.5668880399334522,0.7178063559439648,0.0020270349553078012,Dispersed,Cluster_104,MDG1_FULL,Young
0.6357857602824089,0.7546606112842772,0.01121232665770371,Dispersed,Cluster_106,MDG1_FULL,Young
0.5978378053622198,0.680456591800141,0.04646568343812253,Dispersed,Cluster_107,MDG1_FULL,Young
0.3069563746147307,0.7313211096884791,-0.0,Overdispersed,Cluster_2,MDG3_FULL_DM,Young
-0.41137541843927655,-0.014732536038996134,-0.0,Overdispersed,Cluster_3,MDG3_FULL_DM,Young
0.19469982210115394,0.11899310200460576,0.8726452697307394,Dispersed,Cluster_4,MDG3_FULL_DM,Young
0.6774687090229317,0.819498519244544,0.0034247620696096453,Dispersed,Cluster_11,MDG3_FULL_DM,Young
0.2537696716722079,0.5517195188297003,7.604503179686352e-11,Overdispersed,Cluster_18,MDG3_FULL_DM,Young
0.1857004839318394,0.3126757789537049,0.007613672410271135,Dispersed,Cluster_20,MDG3_FULL_DM,Young
0.41563756363080573,0.7752705090531108,4.821637332766436e-17,Overdispersed,Cluster_25,MDG3_FULL_DM,Young
0.931218375022232,1.1275399348002755,6.76937721788221e-05,Overdispersed,Cluster_33,MDG3_FULL_DM,Young
-0.2268007201126353,0.031138835175938778,5.69443017768836e-08,Overdispersed,Cluster_37,MDG3_FULL_DM,Young
0.5118669262704459,0.8220230584880773,6.837660334396565e-12,Overdispersed,Cluster_39,MDG3_FULL_DM,Young
0.7246186152820914,0.5524764565553067,1.8402615353758263,Dispersed,Cluster_49,MDG3_FULL_DM,Young
0.577040579679909,0.5557226926115469,0.4559220523747375,Dispersed,Cluster_51,MDG3_FULL_DM,Young
0.1269501403563612,0.643811122666759,-0.0,Overdispersed,Cluster_1,NOMAD_FULL,Young
0.21376530784434572,0.7341579308623095,-0.0,Overdispersed,Cluster_2,NOMAD_FULL,Young
1.0698535583674713,1.7112956797938679,-0.0,Overdispersed,Cluster_8,NOMAD_FULL,Young
0.9059148955049587,2.0012567686883016,-0.0,Overdispersed,Cluster_9,NOMAD_FULL,Young
0.995721671202608,1.911987583144489,-0.0,Overdispersed,Cluster_10,NOMAD_FULL,Young
0.34498961760296426,0.6695543653116747,3.055953741508442e-13,Overdispersed,Cluster_13,NOMAD_FULL,Young
-0.4146552340918652,-0.7436690610972471,3.6316509337980625,Underdispersed,Cluster_1,P-element,Old
0.295692604810155,0.056317210046129926,2.601463824241371,Underdispersed,Cluster_1,POGO,Old
-0.37121843140676886,-0.632362457325027,2.8527545920941457,Underdispersed,Cluster_2,POGO,Old
-0.6702148762945985,-0.4775617323281988,9.364778177211751e-05,Overdispersed,Cluster_1,ROO_FULL,Young
1.3008953769697331,1.300409463936223,0.33108534001205425,Dispersed,Cluster_2,ROO_FULL,Young
1.326405341187622,1.7364986521216494,-0.0,Overdispersed,Cluster_4,ROO_FULL,Young
1.4787627583315577,2.2403951364145014,-0.0,Overdispersed,Cluster_6,ROO_FULL,Young
1.11514439044019,0.7650049003843195,3.8694334032003264,Underdispersed,Cluster_11,ROO_FULL,Old
1.2608524646728747,1.0008235180311473,2.8398711364499793,Underdispersed,Cluster_21,ROO_FULL,Old
1.0073705249553355,2.423845242416322,-0.0,Overdispersed,Cluster_28,ROO_FULL,Young
1.0391336310065213,0.940101484720702,1.085044969591508,Dispersed,Cluster_30,ROO_FULL,Young
1.2670525087603832,2.3938077184511974,-0.0,Overdispersed,Cluster_31,ROO_FULL,Young
0.28670293120067414,0.509862566317671,4.626127676041926e-06,Overdispersed,Cluster_4,ROVER_FULL,Young
-0.24967617592508318,-0.008463792251556843,5.435131368351792e-07,Overdispersed,Cluster_5,ROVER_FULL,Young
0.747799483026799,0.6597334677521042,0.9830279621729844,Dispersed,Cluster_6,ROVER_FULL,Young
0.4693787488764113,0.6126995625485403,0.003181615201199657,Dispersed,Cluster_12,ROVER_FULL,Young
0.7635240961142504,0.9111505350974888,0.0024734473368441035,Dispersed,Cluster_16,ROVER_FULL,Young
0.18312445901339486,0.34372481346027706,0.001090818449711999,Overdispersed,Cluster_18,ROVER_FULL,Young
0.18764245365818194,-0.01845865742443385,2.2203944625614156,Dispersed,Cluster_27,ROVER_FULL,Young
0.09957785369788753,1.0895749457512292,-0.0,Overdispersed,Cluster_63,ROVER_FULL,Young
0.5769060095882912,1.2351614832253344,-0.0,Overdispersed,Cluster_66,ROVER_FULL,Young
0.3096736316171053,0.9122919567132877,-0.0,Overdispersed,Cluster_67,ROVER_FULL,Young
0.43511717816291656,1.1797160944669265,-0.0,Overdispersed,Cluster_74,ROVER_FULL,Young
0.08289022718134656,0.311005374438867,2.6446137996268982e-06,Overdispersed,Cluster_1,TABOR_FULL,Young
0.6748072650740067,0.9393664197164864,2.1568668762539792e-08,Overdispersed,Cluster_3,TABOR_FULL,Young
0.41766305639052764,0.8300042617838539,-0.0,Overdispersed,Cluster_5,TABOR_FULL,Young
0.275694203605179,0.4827058235498442,2.4858296235191042e-05,Overdispersed,Cluster_1,TAHRE,Young
-0.6329727083372946,-0.42521001829539723,2.309399150584093e-05,Overdispersed,Cluster_2,TAHRE,Young
0.3793499447132053,0.7346211598001611,1.446491199829931e-16,Overdispersed,Cluster_6,TAHRE,Young
-0.5514640508304185,-0.3098235326021383,5.147526694870803e-07,Overdispersed,Cluster_7,TAHRE,Young
-0.22818676598289764,-0.23424844757239213,0.36242914535889936,Dispersed,Cluster_9,TAHRE,Young
0.15940874935281144,0.4097414704458795,1.6436793696490744e-07,Overdispersed,Cluster_10,TAHRE,Young
-0.25279505500646315,-0.09932033867152366,0.0017297866514141178,Dispersed,Cluster_13,TAHRE,Young
-0.4568245153137519,-0.6486431678593391,2.0590782968196595,Dispersed,Cluster_14,TAHRE,Young
0.2529962963106613,0.6095834127946931,9.643274665532872e-17,Overdispersed,Cluster_15,TAHRE,Young
-0.01613656102246334,0.14484947146907437,0.0010630622994266122,Dispersed,Cluster_22,TAHRE,Young
-0.38981325831526054,-0.4413536243952046,0.6725613098139267,Dispersed,Cluster_29,TAHRE,Young
-0.1479226171413928,-0.2844558828846863,1.4585260616128002,Dispersed,Cluster_31,TAHRE,Young
-0.22513791211575537,-0.047897319456134776,0.0003309552481504038,Overdispersed,Cluster_37,TAHRE,Young
-0.7937575033435719,-0.8483334431920713,0.6964642685285239,Dispersed,Cluster_38,TAHRE,Young
-0.06826686782575678,-0.39874520727292584,3.648232909985055,Underdispersed,Cluster_46,TAHRE,Old
0.31858430095805035,0.48031755905755935,0.001011033767884382,Dispersed,Cluster_47,TAHRE,Young
0.05999593381918472,-0.26387595319828405,3.573326173657377,Underdispersed,Cluster_48,TAHRE,Old
0.29684322915465317,-0.0883257794556479,4.25588253108838,Underdispersed,Cluster_58,TAHRE,Old
0.2007123989594447,0.8273740916086737,-0.0,Overdispersed,Cluster_62,TAHRE,Young
0.12411423092089381,-0.14862148323584418,2.9866591309539414,Dispersed,Cluster_67,TAHRE,Young
0.23243706885662122,0.8556844333952042,-0.0,Overdispersed,Cluster_73,TAHRE,Young
0.22373640426885597,0.3392598092228722,0.01305292960863764,Dispersed,Cluster_74,TAHRE,Young
-0.32376678512533474,0.3135372922852576,-0.0,Overdispersed,Cluster_77,TAHRE,Young
0.08850303297422824,-0.11688058563709024,2.21224981212231,Dispersed,Cluster_79,TAHRE,Young
0.2981672573085742,-0.1813232475620987,5.233401765282407,Underdispersed,Cluster_86,TAHRE,Old
0.2001338291727694,0.04198840112889815,1.6876944829422234,Dispersed,Cluster_97,TAHRE,Young
-0.016694786290697435,-0.07412839972086081,0.719301373145692,Dispersed,Cluster_98,TAHRE,Young
0.5306376692913995,0.9379093473091176,-0.0,Overdispersed,Cluster_104,TAHRE,Young
-0.015780439989254488,-0.12891333363235594,1.2213299069457242,Dispersed,Cluster_108,TAHRE,Young
0.12509305753339744,-0.11528703358311759,2.613043069553356,Dispersed,Cluster_110,TAHRE,Young
-0.2331012300123851,-0.2384791498500458,0.3585028330769615,Dispersed,Cluster_113,TAHRE,Young
-0.07554906472251971,-0.45304998046632394,4.172220495058522,Underdispersed,Cluster_115,TAHRE,Old
-0.3369386106492534,-0.5726848882773166,2.55966198782681,Dispersed,Cluster_118,TAHRE,Young
-0.28050547575735085,-0.5050156597317722,2.4305392304709676,Dispersed,Cluster_119,TAHRE,Young
-0.17064562441941697,-0.4813081740543478,3.422805003118319,Underdispersed,Cluster_121,TAHRE,Old
-0.35719042348612434,-0.5484252775978821,2.0525241979819353,Dispersed,Cluster_122,TAHRE,Young
-0.22181622590872244,-0.5029808047432375,3.083934339833484,Underdispersed,Cluster_123,TAHRE,Old
-0.22555785258829555,-0.502861387360393,3.039389921060729,Dispersed,Cluster_125,TAHRE,Young
-0.12359514265189704,-0.40634209498755997,3.1021812677763574,Underdispersed,Cluster_128,TAHRE,Old
-0.35161996844527177,-0.6255215067233844,3.000120201068071,Dispersed,Cluster_132,TAHRE,Young
0.16987802981571568,0.07153785323946493,1.0785007572337477,Dispersed,Cluster_136,TAHRE,Young
-0.04839018942929305,-0.4594962000683727,4.5345572628945305,Underdispersed,Cluster_138,TAHRE,Old
-0.02280241739637857,0.009494192920124881,0.1784853757739164,Dispersed,Cluster_140,TAHRE,Young
0.0008018959984385518,0.010013678183368398,0.280266563510723,Dispersed,Cluster_144,TAHRE,Young
0.09682686045722223,0.07495101503541202,0.459551205754331,Dispersed,Cluster_145,TAHRE,Young
0.30439229447159816,0.029961973924824446,3.0062251381995995,Dispersed,Cluster_146,TAHRE,Young
0.42897769135818103,0.48725387138636805,0.09587157607122428,Dispersed,Cluster_148,TAHRE,Young
0.17236759369366958,0.04725666091353562,1.3411601807972013,Dispersed,Cluster_150,TAHRE,Young
0.07081633689264726,-0.041760256621662564,1.2158516110409339,Dispersed,Cluster_151,TAHRE,Young
-0.2061634609508272,-0.07382008999917025,0.0057971477497155985,Dispersed,Cluster_154,TAHRE,Young
-0.27614160906577717,-0.16904151690254113,0.01874920389406042,Dispersed,Cluster_155,TAHRE,Young
0.26592837514286505,0.69954231407017,-0.0,Overdispersed,Cluster_158,TAHRE,Young
0.06133089752393386,0.16553096041346835,0.021105338267210786,Dispersed,Cluster_159,TAHRE,Young
-0.11199729470024845,0.18196140033412433,1.6026317283638072e-10,Overdispersed,Cluster_160,TAHRE,Young
0.4986695356410654,1.130916814236429,-0.0,Overdispersed,Cluster_161,TAHRE,Young
0.10491406247703045,0.14230450097648836,0.15966913100895375,Dispersed,Cluster_163,TAHRE,Young
-0.34956235825117105,-0.43422217822101083,0.9521030896595843,Dispersed,Cluster_165,TAHRE,Young
-0.23233197392838476,0.0619067320901584,1.5219662179213401e-10,Overdispersed,Cluster_2,TART-A_FULL,Young
-0.7020576153010603,-0.7145206559050318,0.40029528548023957,Dispersed,Cluster_3,TART-A_FULL,Young
-0.1445716890020288,0.23709042125966073,-0.0,Overdispersed,Cluster_5,TART-A_FULL,Young
-0.4833816550134784,-0.18532330621466098,7.449825054024396e-11,Overdispersed,Cluster_9,TART-A_FULL,Young
-0.121662898590511,-0.024145321781101754,0.02740308252290288,Dispersed,Cluster_10,TART-A_FULL,Young
-0.3739630534018422,-0.11207866955505841,3.210661098867931e-08,Overdispersed,Cluster_12,TART-A_FULL,Young
-0.014951052914476546,0.14480029222750135,0.0011541525708394442,Dispersed,Cluster_13,TART-A_FULL,Young
-0.3337316395002114,-0.41389615402409535,0.9118704149983742,Dispersed,Cluster_15,TART-A_FULL,Young
-0.6688223725825492,-0.6115289627068842,0.09840707425644236,Dispersed,Cluster_18,TART-A_FULL,Young
-0.4097814193678855,-0.31253174303210157,0.027682375442243085,Dispersed,Cluster_19,TART-A_FULL,Young
-0.9373411217216197,-0.8926940967066708,0.13510150241019184,Dispersed,Cluster_21,TART-A_FULL,Young
-0.5748524290004652,-0.7239791204109512,1.5910290440929822,Dispersed,Cluster_22,TART-A_FULL,Young
-0.6811901199437,-0.6619670093411033,0.23279469742422343,Dispersed,Cluster_23,TART-A_FULL,Young
-0.4745059548174215,-0.25124699646344123,4.5755079304993185e-06,Overdispersed,Cluster_25,TART-A_FULL,Young
-0.5056540518012511,0.003915891890536673,-0.0,Overdispersed,Cluster_27,TART-A_FULL,Young
-0.32840015601652267,0.1091856932727473,-0.0,Overdispersed,Cluster_28,TART-A_FULL,Young
-0.2829146824150888,0.26717460634964385,-0.0,Overdispersed,Cluster_30,TART-A_FULL,Young
-0.19127868813943966,0.13245649656290095,3.684695249701673e-13,Overdispersed,Cluster_31,TART-A_FULL,Young
-0.6204671336310777,-0.6955838661165826,0.8675051075752477,Dispersed,Cluster_32,TART-A_FULL,Young
-0.262404997807881,-0.004224667660630737,5.501258856774305e-08,Overdispersed,Cluster_34,TART-A_FULL,Young
-0.4210876824834256,0.14349204664154766,-0.0,Overdispersed,Cluster_35,TART-A_FULL,Young
-0.11355509649929423,0.3674731485064758,-0.0,Overdispersed,Cluster_36,TART-A_FULL,Young
-0.29314128560610125,0.11309442508698726,-0.0,Overdispersed,Cluster_38,TART-A_FULL,Young
-0.7046072589255855,-0.7865950288770002,0.9281076508391299,Dispersed,Cluster_39,TART-A_FULL,Young
-0.2985877806559739,-0.19151031305581734,0.01876675541579993,Dispersed,Cluster_41,TART-A_FULL,Young
-0.62415587100248,-0.6801470173604584,0.7077336410591384,Dispersed,Cluster_44,TART-A_FULL,Young
-0.14754950097056482,0.1675547833326391,2.431310625054281e-12,Overdispersed,Cluster_45,TART-A_FULL,Young
-0.21334809842445046,0.10943293652544905,4.563679735465829e-13,Overdispersed,Cluster_46,TART-A_FULL,Young
-0.19047849524127944,0.49574910232563674,-0.0,Overdispersed,Cluster_47,TART-A_FULL,Young
-0.03730638729575501,0.3933549931164484,-0.0,Overdispersed,Cluster_48,TART-A_FULL,Young
-0.15468948322182496,0.14593228919322748,4.564253510545872e-11,Overdispersed,Cluster_49,TART-A_FULL,Young
-0.40288581294280723,-0.1120777307986518,2.8461753918571937e-10,Overdispersed,Cluster_50,TART-A_FULL,Young
-0.42754961971991723,0.07066830748615575,-0.0,Overdispersed,Cluster_56,TART-A_FULL,Young
-0.4939028602373693,-0.6664107574133137,1.8442856914972172,Dispersed,Cluster_64,TART-A_FULL,Young
-0.30025595023703205,-0.2555163030434103,0.13480473347923563,Dispersed,Cluster_65,TART-A_FULL,Young
-0.16451302597416992,0.12318954671173966,4.953441613719817e-10,Overdispersed,Cluster_74,TART-A_FULL,Young
-0.5304747202354888,-0.6222407180233397,1.0170373931514738,Dispersed,Cluster_76,TART-A_FULL,Young
-0.042172189818454574,0.3547822378144744,-0.0,Overdispersed,Cluster_1,TART-B1_FULL,Young
-0.725538951912161,-0.6350392572085235,0.035456160022298996,Dispersed,Cluster_5,TART-B1_FULL,Young
-0.6782993645730637,-0.4906234866189249,0.00014327573513162284,Overdispersed,Cluster_8,TART-B1_FULL,Young
-0.2804784325494309,0.14920656785682967,-0.0,Overdispersed,Cluster_1,Tart-C_FULL,Young
-0.058228867205438434,0.27257585360711956,7.237277636483022e-14,Overdispersed,Cluster_2,Tart-C_FULL,Young
-0.08063527836621026,0.5245001738501669,-0.0,Overdispersed,Cluster_3,Tart-C_FULL,Young
-0.3705830226300303,0.15119976345676964,-0.0,Overdispersed,Cluster_7,Tart-C_FULL,Young
-0.3096882543931138,-0.06993813591802442,6.535706687629519e-07,Overdispersed,Cluster_2,TIRANT_FULL,Young
0.009073038804637222,0.3421540513806662,4.218932666170836e-14,Overdispersed,Cluster_3,TIRANT_FULL,Young
-0.40487466832828817,-0.15094170742586416,1.002499090604684e-07,Overdispersed,Cluster_5,TIRANT_FULL,Young
0.35239305594319054,0.1849141660105565,1.7891130359518157,Dispersed,Cluster_8,TIRANT_FULL,Young
0.07231938596524384,0.6680107347926845,-0.0,Overdispersed,Cluster_9,TIRANT_FULL,Young
0.5081382052543421,0.831641113943317,3.882382380345269e-13,Overdispersed,Cluster_11,TIRANT_FULL,Young
-0.2157384913262106,-0.5842843669105124,4.073830953350093,Underdispersed,Cluster_13,TIRANT_FULL,Old
-0.1450905398348823,0.24564254833176172,-0.0,Overdispersed,Cluster_16,TIRANT_FULL,Young
-0.6283851534918344,-0.5124402976034401,0.012809056001038531,Dispersed,Cluster_22,TIRANT_FULL,Young
-0.6902107928895208,-0.4676345134019825,4.934113561923889e-06,Overdispersed,Cluster_33,TIRANT_FULL,Young
-0.3033049423678097,-0.8005182029836068,5.4052544753793885,Underdispersed,Cluster_1,TRANSPAC_FULL,Old
0.23635930907875483,0.6071324688561097,-0.0,Overdispersed,Cluster_2,TRANSPAC_FULL,Young
0.5236659010650978,0.8004046288951955,3.1944530676863093e-09,Overdispersed,Cluster_7,TRANSPAC_FULL,Young
0.8502098797412936,0.518164436222497,3.665961318860619,Underdispersed,Cluster_1,R1_DM,Old
1.8309043352677248,2.8215124873856916,-0.0,Overdispersed,Cluster_3,R1_DM,Young
1.2323662576503034,1.1460483052106376,0.9671106541193468,Dispersed,Cluster_4,R1_DM,Young
1.7430490341396279,2.1161234606301327,-0.0,Overdispersed,Cluster_5,R1_DM,Young
1.534605954616684,1.7901970641636709,7.948536100453549e-08,Overdispersed,Cluster_7,R1_DM,Young
1.555555012315733,1.8819048871920547,2.036177445627743e-13,Overdispersed,Cluster_8,R1_DM,Young
1.3183673045515074,2.4532157502519074,-0.0,Overdispersed,Cluster_13,R1_DM,Young
1.4225071210554157,2.4507162221132486,-0.0,Overdispersed,Cluster_14,R1_DM,Young
0.6783742233810995,0.6274816650394021,0.6675083535491585,Dispersed,Cluster_1,R2_DM,Young
0.43801294156171633,0.5523728776477282,0.013745399165895025,Dispersed,Cluster_5,R2_DM,Young
0.08555198423439343,0.607458896482357,-0.0,Overdispersed,Cluster_6,R2_DM,Young
0.5769505771226511,0.2286075826523614,3.8493379057197075,Underdispersed,Cluster_12,R2_DM,Old
0.49046479492223305,0.6383781808842482,0.0024314579847868373,Overdispersed,Cluster_13,R2_DM,Young
0.41612239891296093,0.05626357435242493,3.977712909862541,Underdispersed,Cluster_15,R2_DM,Old
-0.4632560238190009,-0.5034778819616,0.5867743636789459,Dispersed,Cluster_5,ZAM_FULL,Young
-0.6659296107683451,-0.8707967544236347,2.2063894683942076,Dispersed,Cluster_6,ZAM_FULL,Young
-0.5315754891754877,-0.8203479124224069,3.1716078542869166,Dispersed,Cluster_18,ZAM_FULL,Young
0.43344462943321105,0.6520307083576944,7.6096206056519105e-06,Overdispersed,Cluster_23,ZAM_FULL,Young
-0.260456888974355,-0.5447917993108462,3.1204868886890447,Dispersed,Cluster_25,ZAM_FULL,Young
0.34439504157158385,-0.17915233774098063,5.6531867384981584,Underdispersed,Cluster_43,ZAM_FULL,Old
0.020885168202742964,-0.3905424615149947,4.537969050708569,Underdispersed,Cluster_46,ZAM_FULL,Old
0.24124792299767375,-0.1988557431373755,4.837577662999695,Underdispersed,Cluster_47,ZAM_FULL,Old
-0.26049953198347126,-0.5496113725477351,3.1755157923697563,Dispersed,Cluster_52,ZAM_FULL,Young
0.21823961499055697,-0.2498864687074617,5.121131994084262,Underdispersed,Cluster_53,ZAM_FULL,Old
-0.25435513820945843,-0.4400419617333753,1.9904136689762493,Dispersed,Cluster_55,ZAM_FULL,Young
0.0013086717753877674,-0.1879971087760049,2.0308916391887224,Dispersed,Cluster_58,ZAM_FULL,Young
-0.124592855625511,-0.13923926170226755,0.413664428566299,Dispersed,Cluster_64,ZAM_FULL,Young
0.09678713204758822,-0.2525339886488701,3.8602822330751088,Underdispersed,Cluster_66,ZAM_FULL,Old
-0.14350172914485645,-0.2442992759462725,1.1018040344355526,Dispersed,Cluster_74,ZAM_FULL,Young
0.24414807070520453,-0.09979883141086163,3.800060848408782,Underdispersed,Cluster_75,ZAM_FULL,Old
0.19418112693902806,0.0609447027187127,1.424360363603146,Dispersed,Cluster_79,ZAM_FULL,Young
0.5047180238316509,0.04374645229251458,5.049635735811551,Underdispersed,Cluster_80,ZAM_FULL,Old
0.39098328242818786,-0.1839797725394518,6.111140900987605,Underdispersed,Cluster_97,ZAM_FULL,Old
0.30086080053992015,-0.1485614221158123,4.932912414384513,Underdispersed,Cluster_120,ZAM_FULL,Old
0.24355776727153122,-0.12772158565842162,4.103940235650375,Underdispersed,Cluster_134,ZAM_FULL,Old
0.1125495546247887,-0.24424576844743076,3.943665553827662,Underdispersed,Cluster_135,ZAM_FULL,Old
0.029815542952102373,-0.36361979810098033,4.3454376896760945,Underdispersed,Cluster_145,ZAM_FULL,Old
-0.014652049321676247,-0.3645439187203018,3.8666650024964246,Underdispersed,Cluster_155,ZAM_FULL,Old
-0.05083447343627331,-0.44300192942897093,4.331745479456865,Underdispersed,Cluster_157,ZAM_FULL,Old
-0.05944249093538485,-0.48803347020882354,4.71840267062724,Underdispersed,Cluster_158,ZAM_FULL,Old
0.36099732114423794,-0.2108644096519702,6.084504869497661,Underdispersed,Cluster_162,ZAM_FULL,Old
0.3306995673048563,-0.14377322716749402,5.18402911248726,Underdispersed,Cluster_165,ZAM_FULL,Old
0.18477544163667356,-0.3092588446546966,5.374721770529421,Underdispersed,Cluster_176,ZAM_FULL,Old
-0.07112023649377418,-0.40651632932607895,3.703812850318382,Underdispersed,Cluster_181,ZAM_FULL,Old
-0.16101191493508893,-0.4334301816485048,2.982993461114861,Dispersed,Cluster_190,ZAM_FULL,Young
-0.12325788571299164,-0.4704979971922792,3.836988953476152,Underdispersed,Cluster_191,ZAM_FULL,Old
-0.1463341744273726,-0.13016736347805663,0.24674637069944705,Dispersed,Cluster_205,ZAM_FULL,Young
-0.10915867013192347,-0.11707663900769612,0.3732040483898829,Dispersed,Cluster_207,ZAM_FULL,Young
-0.024725727176627774,0.13396785014635357,0.001237516265003241,Dispersed,Cluster_212,ZAM_FULL,Young
0.07443429081284013,-0.17687555688914178,2.7391533599572466,Dispersed,Cluster_213,ZAM_FULL,Young
-0.05363332530089515,-0.4571094994991702,4.453296766841211,Underdispersed,Cluster_216,ZAM_FULL,Old
0.11827472404349403,-0.3147648921951864,4.764633374719843,Underdispersed,Cluster_225,ZAM_FULL,Old
-0.29227359162519245,-0.45057526696941014,1.6893811696060432,Dispersed,Cluster_229,ZAM_FULL,Young
-0.18660856852166513,-0.4508100178266291,2.88807956571312,Dispersed,Cluster_234,ZAM_FULL,Young
0.21237459359244892,-0.2978141560661128,5.528536269938521,Underdispersed,Cluster_238,ZAM_FULL,Old
-0.016908111046328007,-0.3852663190823734,4.0717613743140655,Underdispersed,Cluster_246,ZAM_FULL,Old
0.20410679203408721,-0.30174499882458417,5.487571050805509,Underdispersed,Cluster_254,ZAM_FULL,Old
0.15330613240755692,-0.24254854678302146,4.371520087597044,Underdispersed,Cluster_257,ZAM_FULL,Old
0.1682272286447933,-0.050728168086341244,2.366916371623345,Dispersed,Cluster_270,ZAM_FULL,Young
-0.05389886860618683,-0.5539707751902393,5.432600390032357,Underdispersed,Cluster_284,ZAM_FULL,Old
0.03697452295859027,-0.23445540376640964,2.971580023219147,Dispersed,Cluster_285,ZAM_FULL,Young
0.2113582424697145,-0.1574530817604214,4.076757766505958,Underdispersed,Cluster_288,ZAM_FULL,Old
0.2021027098379915,-0.21547264951272815,4.602970645481461,Underdispersed,Cluster_295,ZAM_FULL,Old
-0.2341251790851552,-0.49075612818328485,2.8006134023902343,Dispersed,Cluster_301,ZAM_FULL,Young
-0.2199094009354304,-0.40860076110939514,2.0240095800894697,Dispersed,Cluster_310,ZAM_FULL,Young
-0.16696543412319395,-0.4501597369878475,3.1073388190732296,Dispersed,Cluster_311,ZAM_FULL,Young
-0.008912837532992436,-0.49195675116682225,5.268175848375716,Underdispersed,Cluster_314,ZAM_FULL,Old
0.34647999511966665,-0.19001995477760528,5.771828011585978,Underdispersed,Cluster_316,ZAM_FULL,Old
-0.11561441485942532,-0.5977905004208408,5.25969779259371,Underdispersed,Cluster_319,ZAM_FULL,Old
-0.29305042411955606,-0.19972843379288266,0.03202952630515487,Dispersed,Cluster_324,ZAM_FULL,Young
-0.030108149331401386,-0.26807800964765427,2.5852695750903223,Dispersed,Cluster_331,ZAM_FULL,Young
-0.04635494423802637,-0.42442357787235563,4.178433437898627,Underdispersed,Cluster_334,ZAM_FULL,Old
-0.055519345779346696,-0.35937892423143336,3.3449438565470286,Underdispersed,Cluster_335,ZAM_FULL,Old
-0.3415981461101265,-0.6779375408258794,3.714455601061861,Underdispersed,Cluster_336,ZAM_FULL,Old
0.17659924306859726,-0.30575308710231414,5.261420340818577,Underdispersed,Cluster_343,ZAM_FULL,Old
0.26938621641337207,-0.18690551492472035,5.002532357641924,Underdispersed,Cluster_344,ZAM_FULL,Old
0.20061848178269298,-0.26519844601017856,5.098124650497797,Underdispersed,Cluster_351,ZAM_FULL,Old
0.19022703715452238,-0.39250079866954246,6.177272778594585,Underdispersed,Cluster_355,ZAM_FULL,Old
-0.5411817452563762,-0.212660334153656,1.2348213209216598e-13,Overdispersed,Cluster_359,ZAM_FULL,Young
0.06248481054762264,-0.5438694953256535,6.373610975541298,Underdispersed,Cluster_366,ZAM_FULL,Old
0.3263748871169633,-0.12103767203252506,4.91243884333179,Underdispersed,Cluster_368,ZAM_FULL,Old
0.09139414900923047,-0.47519089368917516,6.038893750488411,Underdispersed,Cluster_371,ZAM_FULL,Old
0.31111097267417104,-0.2825516164829304,6.26905484887617,Underdispersed,Cluster_374,ZAM_FULL,Old
0.019916465845643477,-0.19096581508645843,2.2747649179824263,Dispersed,Cluster_377,ZAM_FULL,Young
-0.119703893991512,0.614297234482246,-0.0,Overdispersed,Cluster_379,ZAM_FULL,Young
0.1543717555657697,-0.23969756018765848,4.352278123609884,Underdispersed,Cluster_380,ZAM_FULL,Old
0.39042277289158317,0.08827132086809245,3.3253620771972257,Underdispersed,Cluster_381,ZAM_FULL,Old
0.03036424846732932,-0.22906644256889921,2.832959074397231,Dispersed,Cluster_382,ZAM_FULL,Young
0.07863942037644603,-0.1854029846588713,2.8862420304684546,Dispersed,Cluster_385,ZAM_FULL,Young
-0.2986901108628141,-0.41413755957061577,1.2442084078679472,Dispersed,Cluster_386,ZAM_FULL,Young
0.16401615983836101,-0.2371888835261815,4.428990562513242,Underdispersed,Cluster_390,ZAM_FULL,Old
0.10684660108512639,-0.14516729666294892,2.747283692444664,Dispersed,Cluster_394,ZAM_FULL,Young
-0.33490973636782356,-0.5731192115874043,2.5880299624830796,Dispersed,Cluster_395,ZAM_FULL,Young
-0.22526129895195854,-0.4935192661016331,2.9349433365693205,Dispersed,Cluster_396,ZAM_FULL,Young
-0.9250011709937074,-1.0467831955325646,1.307507976422316,Dispersed,Cluster_405,ZAM_FULL,Young
-0.09928942357801882,-0.4662448234581519,4.056281587361024,Underdispersed,Cluster_408,ZAM_FULL,Old
-0.29486975185658354,-0.07670604392369855,7.960579005791888e-06,Overdispersed,Cluster_414,ZAM_FULL,Young
-0.35625360353731034,-0.08400090496048773,6.579616961736229e-09,Overdispersed,Cluster_416,ZAM_FULL,Young
0.1517696574797582,0.4519573475771281,4.9620482338173974e-11,Overdispersed,Cluster_417,ZAM_FULL,Young
-0.04872952283520195,0.28566307983573874,3.081026255637862e-14,Overdispersed,Cluster_420,ZAM_FULL,Young
-0.22948874163766306,0.08526390387082088,2.619643779273233e-12,Overdispersed,Cluster_421,ZAM_FULL,Young
0.013440159341491337,0.4937774102722973,-0.0,Overdispersed,Cluster_426,ZAM_FULL,Young
-0.36051581726878745,-0.09266025004353313,1.3071587068534563e-08,Overdispersed,Cluster_428,ZAM_FULL,Young
-0.40993985096240665,0.008082373941007687,-0.0,Overdispersed,Cluster_434,ZAM_FULL,Young
-0.6091686431087334,-0.3240081056963654,7.728574039907826e-10,Overdispersed,Cluster_438,ZAM_FULL,Young
0.059282622966555835,0.5699102342608159,-0.0,Overdispersed,Cluster_439,ZAM_FULL,Young
0.18529948182743158,0.8830880063359228,-0.0,Overdispersed,Cluster_444,ZAM_FULL,Young
-0.23396183933616144,0.2795997118031747,-0.0,Overdispersed,Cluster_445,ZAM_FULL,Young
-0.2955367892820418,-0.5457673268294019,2.7266907532530773,Underdispersed,Cluster_1,STALKER4_FULL,Old
-1.0022141638136715,-1.1795221037259653,1.89726198232663,Dispersed,Cluster_2,STALKER4_FULL,Young
-0.4416871087141862,-0.3051639014080643,0.004645143627781306,Dispersed,Cluster_3,STALKER4_FULL,Young
0.20498266662706943,-0.05322980395186153,2.8188844526633705,Underdispersed,Cluster_5,STALKER4_FULL,Old
-0.6477438371089224,-1.04963393448351,4.4363278084963245,Underdispersed,Cluster_6,STALKER4_FULL,Old
-0.47990322620755677,-0.8895602946663926,4.519172933283222,Underdispersed,Cluster_7,STALKER4_FULL,Old
-0.05946473218988825,-0.804149865705614,7.379441658095693,Underdispersed,Cluster_8,STALKER4_FULL,Old
0.5638770331861751,0.26570909608855653,3.279649744233736,Underdispersed,Cluster_17,STALKER4_FULL,Old
0.8499698830398379,0.34050235762602815,5.521740685874948,Underdispersed,Cluster_18,STALKER4_FULL,Old
0.7739437029732339,0.7118791265695777,0.7569853372178027,Dispersed,Cluster_20,STALKER4_FULL,Young
1.2146508870442572,0.7862708120294604,4.716205357047331,Underdispersed,Cluster_24,STALKER4_FULL,Old
1.280795961092776,2.1295031221531993,-0.0,Overdispersed,Cluster_32,STALKER4_FULL,Young
0.8639419032919919,1.9777978139389585,-0.0,Overdispersed,Cluster_35,STALKER4_FULL,Young
1.0096464914064103,0.6033767904955147,4.483120079466034,Underdispersed,Cluster_51,STALKER4_FULL,Old
0.5356015241164466,0.35630070467453584,1.9193422686194244,Dispersed,Cluster_62,STALKER4_FULL,Young
1.0085250705485636,0.9816832267216882,0.49248797754386153,Dispersed,Cluster_67,STALKER4_FULL,Young
0.7924845960985132,0.9168634975176445,0.008646192104494303,Dispersed,Cluster_71,STALKER4_FULL,Young
1.2215650202844843,1.5809679633205587,4.821637332766436e-17,Overdispersed,Cluster_72,STALKER4_FULL,Young
0.22739825269575803,-0.305858241619414,5.7423250429211015,Underdispersed,Cluster_3,BEL_FULL,Old
0.7479281711214921,0.25925661500519764,5.322923771324978,Underdispersed,Cluster_6,BEL_FULL,Old
0.7139591249651619,0.3169434759210812,4.38401532272661,Underdispersed,Cluster_7,BEL_FULL,Old
0.35430601057609484,0.027393096574231234,3.60783985722804,Underdispersed,Cluster_8,BEL_FULL,Old
0.4481552306660994,0.10575652567319055,3.782672738839784,Underdispersed,Cluster_13,BEL_FULL,Old
0.4164209653882084,0.10499293205829793,3.4315525779186093,Underdispersed,Cluster_16,BEL_FULL,Old
0.5669618709135303,0.004597963193042027,6.0021421438225335,Underdispersed,Cluster_17,BEL_FULL,Old
0.5399301549685916,0.29485007054658885,2.6672441247647347,Dispersed,Cluster_23,BEL_FULL,Young
0.5600317433136103,0.13415546784181304,4.690081128383138,Underdispersed,Cluster_25,BEL_FULL,Old
0.8333276490034035,0.3433619602010678,5.335457040412618,Underdispersed,Cluster_29,BEL_FULL,Old
0.4989037152741184,0.07104789039208877,4.710741262381151,Underdispersed,Cluster_30,BEL_FULL,Old
0.45077790644886817,0.07166794809175854,4.189821622757228,Underdispersed,Cluster_33,BEL_FULL,Old
0.23283222380405874,0.055453103567122394,1.8980497863169914,Dispersed,Cluster_35,BEL_FULL,Young
0.3185379135418016,-0.1252589392867481,4.875483418386912,Underdispersed,Cluster_36,BEL_FULL,Old
0.8266358277604268,0.4900576771389782,3.717148394351089,Underdispersed,Cluster_37,BEL_FULL,Old
0.26092558063738674,0.8967398171149132,-0.0,Overdispersed,Cluster_38,BEL_FULL,Young
0.6233957471904868,0.07101549891076053,5.9142832912667185,Underdispersed,Cluster_42,BEL_FULL,Old
0.3962027361774131,0.20108622215943509,2.096164730855859,Dispersed,Cluster_44,BEL_FULL,Young
0.37812863219341686,0.09359753267977647,3.1227480968442296,Underdispersed,Cluster_46,BEL_FULL,Old
0.573583657727846,0.23845056811978643,3.7008444608164335,Underdispersed,Cluster_48,BEL_FULL,Old
0.35709255599688927,0.08436248231297178,2.9865939996279973,Underdispersed,Cluster_49,BEL_FULL,Old
0.22087970799300466,-0.06432725349403852,3.1305371214856366,Underdispersed,Cluster_53,BEL_FULL,Old
0.8114200261197707,0.503588696826775,3.3904268699599145,Underdispersed,Cluster_55,BEL_FULL,Old
0.7096604366794842,0.39788951655821037,3.4354699923710874,Underdispersed,Cluster_56,BEL_FULL,Old
0.42043778852557334,0.11740523411394937,3.3354644637142115,Underdispersed,Cluster_57,BEL_FULL,Old
0.6941538659224448,0.4682494355909054,2.4465327380524133,Dispersed,Cluster_64,BEL_FULL,Young
0.6700360379089552,0.5733218696999876,1.0631783603939433,Dispersed,Cluster_66,BEL_FULL,Young
0.32817206257752274,0.24408305773295363,0.9469573810190874,Dispersed,Cluster_67,BEL_FULL,Young
0.2814667441241385,0.17775046371400918,1.129707474464941,Dispersed,Cluster_68,BEL_FULL,Young
0.6922518147676705,0.707631328471623,0.25041737278952275,Dispersed,Cluster_72,BEL_FULL,Young
-0.11003913404392346,0.005426759453451112,0.013086493415279638,Dispersed,Cluster_2,GYPSY_FULL,Young
-0.3276876634131692,0.5086024487239238,-0.0,Overdispersed,Cluster_5,GYPSY_FULL,Young
0.5250965537688033,1.806208701879856,-0.0,Overdispersed,Cluster_6,GYPSY_FULL,Young
-0.09228086772522905,0.08586032925833158,0.00030875333622259245,Overdispersed,Cluster_7,GYPSY_FULL,Young
-0.27560935925389235,-0.6739344086002103,4.398091664869164,Underdispersed,Cluster_8,GYPSY_FULL,Old
0.14064148982344857,-0.24051159921193482,4.212136367924072,Underdispersed,Cluster_10,GYPSY_FULL,Old
0.0917731058756294,-0.45307185800329036,5.847100989637052,Underdispersed,Cluster_13,GYPSY_FULL,Old
0.29083935195014454,1.2024127695970284,-0.0,Overdispersed,Cluster_14,GYPSY_FULL,Young
-0.13167265621590926,-0.1485379904563148,0.427485162556455,Dispersed,Cluster_16,GYPSY_FULL,Young
0.008794522532292235,1.7019688661002934,-0.0,Overdispersed,Cluster_22,GYPSY_FULL,Young
-0.10802641594850167,-0.6050592933437973,5.40352541996623,Underdispersed,Cluster_23,GYPSY_FULL,Old
0.5995876267536788,0.7724157588446208,0.00046162670808207255,Dispersed,Cluster_28,GYPSY_FULL,Young
-0.004646298665094485,-0.46342738138123746,5.027621088707763,Underdispersed,Cluster_38,GYPSY_FULL,Old
-0.1509937803920557,-0.5069736103462661,3.9345893670287095,Underdispersed,Cluster_39,GYPSY_FULL,Old
-0.16644703916229472,-0.5469109233854808,4.204613360808673,Underdispersed,Cluster_40,GYPSY_FULL,Old
-0.3644712133047362,-0.1252222477863123,6.958890660069327e-07,Overdispersed,Cluster_41,GYPSY_FULL,Young
-0.03415549323460875,-0.2954126972233453,2.8540622417760906,Dispersed,Cluster_47,GYPSY_FULL,Young
0.3863866299784708,-0.37091545298760986,7.459498796519695,Underdispersed,Cluster_50,GYPSY_FULL,Old
0.14048751916159424,-0.4561262491457941,6.293556028753511,Underdispersed,Cluster_53,GYPSY_FULL,Old
-0.04151509444661027,-0.6516958316759405,6.404718735087938,Underdispersed,Cluster_64,GYPSY_FULL,Old
0.12880311995563845,-0.5416945892115731,6.869963764274996,Underdispersed,Cluster_75,GYPSY_FULL,Old
-0.13519450228870997,-0.5406239080134353,4.474157797606911,Underdispersed,Cluster_78,GYPSY_FULL,Old
-0.07084323813080064,-0.537025444783509,5.1017684735332915,Underdispersed,Cluster_80,GYPSY_FULL,Old
0.08087132695425268,-0.5485424441847189,6.558178778264942,Underdispersed,Cluster_89,GYPSY_FULL,Old
-0.042296646715830256,-0.6990983224032402,6.768427969217825,Underdispersed,Cluster_97,GYPSY_FULL,Old
-0.23718307690207885,-0.7839417201196053,5.864233578360468,Underdispersed,Cluster_99,GYPSY_FULL,Old
-0.1522751499812317,-0.6294704273019431,5.210856408123625,Underdispersed,Cluster_103,GYPSY_FULL,Old
-0.0952127432421949,-0.6021337901080065,5.497693344255365,Underdispersed,Cluster_107,GYPSY_FULL,Old
0.10400104583378827,-0.4303643816757106,5.752427579765525,Underdispersed,Cluster_109,GYPSY_FULL,Old
0.15987839979337926,-0.40916593926096034,6.060197369013112,Underdispersed,Cluster_110,GYPSY_FULL,Old
0.13593339171994093,-0.31947426378188515,4.993604287403782,Underdispersed,Cluster_112,GYPSY_FULL,Old
0.2866541894789278,-0.1913035775562142,5.218353419448446,Underdispersed,Cluster_122,GYPSY_FULL,Old
0.0866957479045461,-0.5048524134252528,6.251430023542352,Underdispersed,Cluster_126,GYPSY_FULL,Old
0.40883214687270275,-0.0650919013996986,5.178610620063684,Underdispersed,Cluster_129,GYPSY_FULL,Old
0.2577445828309035,0.06273561008969825,2.0949537257091966,Dispersed,Cluster_130,GYPSY_FULL,Young
0.11645404439036312,-0.06490644789353561,1.9422131426407667,Dispersed,Cluster_135,GYPSY_FULL,Young
0.2597734229353918,-0.012248912185972441,2.9784213415426017,Dispersed,Cluster_136,GYPSY_FULL,Young
0.38463713197725435,0.010397588862703195,4.136471514127777,Underdispersed,Cluster_138,GYPSY_FULL,Old
0.3375616226039736,-0.013140953241720476,3.8757269455376195,Underdispersed,Cluster_142,GYPSY_FULL,Old
0.3603813244630851,0.262631041776116,1.0729329896013966,Dispersed,Cluster_144,GYPSY_FULL,Young
0.3007936816466331,0.13022652631456,1.8229526895879353,Dispersed,Cluster_146,GYPSY_FULL,Young
0.30836945898570367,0.16309770602835286,1.5501473729240756,Dispersed,Cluster_148,GYPSY_FULL,Young
0.27696402420827315,0.11726177722051982,1.7045177713679047,Dispersed,Cluster_149,GYPSY_FULL,Young
0.04356985493119326,-0.0970177833651561,1.500848383730259,Dispersed,Cluster_151,GYPSY_FULL,Young
0.2929092163128764,-0.04461196502270166,3.727780500328255,Underdispersed,Cluster_153,GYPSY_FULL,Old
0.1510765555457345,-0.24242891860595253,4.346194606650538,Underdispersed,Cluster_154,GYPSY_FULL,Old
0.0007015999852724838,-0.23055873566621593,2.5080505731642404,Dispersed,Cluster_156,GYPSY_FULL,Young
0.00764680822026433,-0.26404457043102236,2.9745994003735086,Dispersed,Cluster_157,GYPSY_FULL,Young
0.15753046050239086,-0.3075906790848311,5.091179324240402,Underdispersed,Cluster_161,GYPSY_FULL,Old
-0.02986873143721234,-0.4124007722966518,4.2271748434959235,Underdispersed,Cluster_162,GYPSY_FULL,Old
0.3173689391684234,0.04065998193449716,3.0325279376915426,Dispersed,Cluster_164,GYPSY_FULL,Young
-0.8300828171837611,-1.1450531214207518,3.4719939600589567,Underdispersed,Cluster_166,GYPSY_FULL,Old
-0.6833347987073002,-1.0008160894537526,3.5006221488837554,Underdispersed,Cluster_168,GYPSY_FULL,Old
-1.0952550123396174,-1.3283990077343715,2.529713622729719,Dispersed,Cluster_169,GYPSY_FULL,Young
-0.07640994191126375,-0.1259955858641612,0.6573662542219574,Dispersed,Cluster_174,GYPSY_FULL,Young
-0.029334109856887964,-0.022149624263588127,0.2904989076101283,Dispersed,Cluster_175,GYPSY_FULL,Young
-0.1456931473393049,-0.11857977037532028,0.19897742436652854,Dispersed,Cluster_182,GYPSY_FULL,Young
-0.37825230338766747,-0.7145661582986769,3.7141675290417426,Underdispersed,Cluster_1,Gypsy1_FULL_DM,Old
0.6540730157572925,0.9840728786978203,8.746450121639195e-14,Overdispersed,Cluster_2,Gypsy1_FULL_DM,Young
-0.015198587412136397,0.09505728447827538,0.016423710319306898,Dispersed,Cluster_5,Gypsy1_FULL_DM,Young
0.20902788741434505,0.43277962632491457,4.331903731938867e-06,Overdispersed,Cluster_7,Gypsy1_FULL_DM,Young
0.12533010055517796,-0.37827553209857334,5.466259505918366,Underdispersed,Cluster_15,Gypsy1_FULL_DM,Old
-0.03122917939859195,-0.45349802372197867,4.652318297931883,Underdispersed,Cluster_21,Gypsy1_FULL_DM,Old
0.09958520168917889,-0.14394172881252085,2.6493273213571227,Dispersed,Cluster_28,Gypsy1_FULL_DM,Young
0.270751319872649,-0.14160672911058128,4.54783284385115,Underdispersed,Cluster_44,Gypsy1_FULL_DM,Old
-0.08540967542612153,-0.25140342346322797,1.7728878539595863,Dispersed,Cluster_45,Gypsy1_FULL_DM,Young
0.3456961822855027,-0.1234242153148588,5.1310186864477485,Underdispersed,Cluster_62,Gypsy1_FULL_DM,Old
-0.032949186974314135,-0.4100942789814884,4.168324941715225,Underdispersed,Cluster_64,Gypsy1_FULL_DM,Old
0.5389132334324078,-0.03289361840799873,6.084032392988872,Underdispersed,Cluster_65,Gypsy1_FULL_DM,Old
0.2593688887794941,-0.22483918498754357,5.279533992429099,Underdispersed,Cluster_66,Gypsy1_FULL_DM,Old
0.337515837252813,-0.08809083408953734,4.687263921821155,Underdispersed,Cluster_71,Gypsy1_FULL_DM,Old
0.021296317370635573,-0.4771769313756179,5.4173204459123685,Underdispersed,Cluster_73,Gypsy1_FULL_DM,Old
0.041781896735768174,-0.36487448129946337,4.487241742025424,Underdispersed,Cluster_74,Gypsy1_FULL_DM,Old
-0.44972888657426774,-0.02745094778561358,-0.0,Overdispersed,Cluster_75,Gypsy1_FULL_DM,Young
0.26197760995289604,-0.23178084868896565,5.372066492737485,Underdispersed,Cluster_79,Gypsy1_FULL_DM,Old
-0.06477362372162103,-0.399095579849732,3.691686672808473,Underdispersed,Cluster_86,Gypsy1_FULL_DM,Old
0.22847790879686003,-0.34467724009369693,6.095628951549262,Underdispersed,Cluster_87,Gypsy1_FULL_DM,Old
0.27242507830071533,-0.41829532160281885,7.015555265961705,Underdispersed,Cluster_90,Gypsy1_FULL_DM,Old
0.03545687110016905,-0.49647003036595566,5.73019103383406,Underdispersed,Cluster_107,Gypsy1_FULL_DM,Old
0.24178069484598613,-0.5288101547124591,7.5418221683706514,Underdispersed,Cluster_112,Gypsy1_FULL_DM,Old
0.0325678366060351,-0.5825609145513142,6.4446603038924275,Underdispersed,Cluster_117,Gypsy1_FULL_DM,Old
0.26574788437284996,-0.27897888652723074,5.846041264269958,Underdispersed,Cluster_119,Gypsy1_FULL_DM,Old
0.3796944552844176,-0.10119626947366812,5.247123378281018,Underdispersed,Cluster_127,Gypsy1_FULL_DM,Old
0.4022577900582344,-0.2354497778469817,6.622869568253057,Underdispersed,Cluster_138,Gypsy1_FULL_DM,Old
0.6095165114726877,0.12793895754089038,5.2538450611458405,Underdispersed,Cluster_140,Gypsy1_FULL_DM,Old
0.45091606187794253,-0.019790087086530666,5.146760971879256,Underdispersed,Cluster_143,Gypsy1_FULL_DM,Old
0.52143365532568,-0.04808386590501452,6.064287145079275,Underdispersed,Cluster_150,Gypsy1_FULL_DM,Old
0.4957884790537442,0.02788430987480042,5.11892378652337,Underdispersed,Cluster_160,Gypsy1_FULL_DM,Old
0.20313734288301505,0.2224085221277204,0.2325790718682394,Dispersed,Cluster_164,Gypsy1_FULL_DM,Young
0.8897509405969714,0.5652454435777163,3.580521799076617,Underdispersed,Cluster_165,Gypsy1_FULL_DM,Old
0.5718550140180885,0.21937299737572094,3.8955993517432703,Underdispersed,Cluster_166,Gypsy1_FULL_DM,Old
0.6303648152687403,0.19979956680423944,4.738947248394188,Underdispersed,Cluster_170,Gypsy1_FULL_DM,Old
0.7400059572858013,0.17168792210192763,6.053914079186235,Underdispersed,Cluster_172,Gypsy1_FULL_DM,Old
0.3975480492946849,-0.21599473399915023,6.431892874543081,Underdispersed,Cluster_174,Gypsy1_FULL_DM,Old
0.25142969012341326,-0.28521754780247127,5.773164492479568,Underdispersed,Cluster_185,Gypsy1_FULL_DM,Old
0.1979057724091805,-0.2079682022745803,4.4789003320295455,Underdispersed,Cluster_188,Gypsy1_FULL_DM,Old
0.18234930593719217,-0.23771091714177103,4.629126928503859,Underdispersed,Cluster_204,Gypsy1_FULL_DM,Old
0.3274463811671036,-0.1551091292102492,5.263405663504543,Underdispersed,Cluster_205,Gypsy1_FULL_DM,Old
0.44970846652181845,-0.02523485335349856,5.188672250439485,Underdispersed,Cluster_209,Gypsy1_FULL_DM,Old
0.2182680903174474,-0.36108623463415823,6.148638646761544,Underdispersed,Cluster_210,Gypsy1_FULL_DM,Old
0.24549925080698645,-0.1759347370896445,4.643558329959132,Underdispersed,Cluster_215,Gypsy1_FULL_DM,Old
0.027978163007103117,-0.32465141838099115,3.8972462108344113,Underdispersed,Cluster_220,Gypsy1_FULL_DM,Old
0.07885886063583054,-0.3386958691448705,4.602753210175999,Underdispersed,Cluster_222,Gypsy1_FULL_DM,Old
0.030498165617750067,-0.4812408527515891,5.543120604899165,Underdispersed,Cluster_223,Gypsy1_FULL_DM,Old
0.286879631061784,-0.33696503790460375,6.514239168497664,Underdispersed,Cluster_227,Gypsy1_FULL_DM,Old
0.11907520453560566,-0.1383330046099999,2.8095927982581728,Dispersed,Cluster_246,Gypsy1_FULL_DM,Young
0.47048191051506727,0.05480343857587582,4.582958061154122,Underdispersed,Cluster_267,Gypsy1_FULL_DM,Old
0.2202793987362788,-0.21748097730196508,4.8134444356394965,Underdispersed,Cluster_271,Gypsy1_FULL_DM,Old
0.4860469622686642,0.20821269587720753,3.045514553409534,Dispersed,Cluster_277,Gypsy1_FULL_DM,Young
0.5164949818221279,-0.08750113267045755,6.354343936500673,Underdispersed,Cluster_278,Gypsy1_FULL_DM,Old
0.258345241417916,-0.5197185225236762,7.587228697307353,Underdispersed,Cluster_292,Gypsy1_FULL_DM,Old
0.2599668109831149,-0.5097683393689784,7.536582235859874,Underdispersed,Cluster_293,Gypsy1_FULL_DM,Old
0.03458514412018847,-0.7413211393956598,7.574184655653803,Underdispersed,Cluster_294,Gypsy1_FULL_DM,Old
0.0946596664984925,-0.6615518605652988,7.452652311839485,Underdispersed,Cluster_297,Gypsy1_FULL_DM,Old
0.5806798270473136,0.3653323583393864,2.3256834126752914,Dispersed,Cluster_304,Gypsy1_FULL_DM,Young
0.0076655601084188755,0.8687164830161404,-0.0,Overdispersed,Cluster_308,Gypsy1_FULL_DM,Young
0.16549744372920924,0.9100540183197061,-0.0,Overdispersed,Cluster_312,Gypsy1_FULL_DM,Young
0.04400080652666179,0.7803618142746162,-0.0,Overdispersed,Cluster_313,Gypsy1_FULL_DM,Young
0.1847036844686436,1.0371631871954023,-0.0,Overdispersed,Cluster_315,Gypsy1_FULL_DM,Young
0.23042509500558608,1.0704650596787457,-0.0,Overdispersed,Cluster_319,Gypsy1_FULL_DM,Young
0.20631674474193415,0.8526236013692855,-0.0,Overdispersed,Cluster_321,Gypsy1_FULL_DM,Young
0.4175309602542188,1.0931194815599856,-0.0,Overdispersed,Cluster_322,Gypsy1_FULL_DM,Young
-0.14572740021290778,0.6663690266302691,-0.0,Overdispersed,Cluster_324,Gypsy1_FULL_DM,Young
0.5416408268759069,1.0418907448375028,-0.0,Overdispersed,Cluster_332,Gypsy1_FULL_DM,Young
0.2939011878811226,0.9342362663992849,-0.0,Overdispersed,Cluster_335,Gypsy1_FULL_DM,Young
